--
-- PostgreSQL database dump
--

-- Dumped from database version 17.4
-- Dumped by pg_dump version 17.4

SET statement_timeout = 0;
SET lock_timeout = 0;
SET idle_in_transaction_session_timeout = 0;
SET transaction_timeout = 0;
SET client_encoding = 'UTF8';
SET standard_conforming_strings = on;
SELECT pg_catalog.set_config('search_path', '', false);
SET check_function_bodies = false;
SET xmloption = content;
SET client_min_messages = warning;
SET row_security = off;

SET default_tablespace = '';

SET default_table_access_method = heap;

--
-- Name: arc; Type: TABLE; Schema: public; Owner: postgres
--

CREATE TABLE public.arc (
    id_arc integer NOT NULL,
    anio integer NOT NULL,
    total_monto_declarar numeric(14,2) NOT NULL,
    total_vacaciones numeric(14,2) NOT NULL,
    total_aguinaldos numeric(14,2) NOT NULL,
    total_evaluacion numeric(14,2) NOT NULL,
    total_salarios numeric(14,2) NOT NULL,
    fecha_generacion timestamp with time zone NOT NULL,
    empleado_id integer NOT NULL
);


ALTER TABLE public.arc OWNER TO postgres;

--
-- Name: arc_id_arc_seq; Type: SEQUENCE; Schema: public; Owner: postgres
--

ALTER TABLE public.arc ALTER COLUMN id_arc ADD GENERATED BY DEFAULT AS IDENTITY (
    SEQUENCE NAME public.arc_id_arc_seq
    START WITH 1
    INCREMENT BY 1
    NO MINVALUE
    NO MAXVALUE
    CACHE 1
);


--
-- Name: asistencias; Type: TABLE; Schema: public; Owner: postgres
--

CREATE TABLE public.asistencias (
    id bigint NOT NULL,
    fecha date NOT NULL,
    estado character varying(1) NOT NULL,
    observaciones text,
    fecha_registro timestamp with time zone NOT NULL,
    empleado_id integer NOT NULL,
    registrado_por_id bigint,
    hora_entrada time without time zone,
    hora_salida time without time zone
);


ALTER TABLE public.asistencias OWNER TO postgres;

--
-- Name: auth_group; Type: TABLE; Schema: public; Owner: postgres
--

CREATE TABLE public.auth_group (
    id integer NOT NULL,
    name character varying(150) NOT NULL
);


ALTER TABLE public.auth_group OWNER TO postgres;

--
-- Name: auth_group_id_seq; Type: SEQUENCE; Schema: public; Owner: postgres
--

ALTER TABLE public.auth_group ALTER COLUMN id ADD GENERATED BY DEFAULT AS IDENTITY (
    SEQUENCE NAME public.auth_group_id_seq
    START WITH 1
    INCREMENT BY 1
    NO MINVALUE
    NO MAXVALUE
    CACHE 1
);


--
-- Name: auth_group_permissions; Type: TABLE; Schema: public; Owner: postgres
--

CREATE TABLE public.auth_group_permissions (
    id bigint NOT NULL,
    group_id integer NOT NULL,
    permission_id integer NOT NULL
);


ALTER TABLE public.auth_group_permissions OWNER TO postgres;

--
-- Name: auth_group_permissions_id_seq; Type: SEQUENCE; Schema: public; Owner: postgres
--

ALTER TABLE public.auth_group_permissions ALTER COLUMN id ADD GENERATED BY DEFAULT AS IDENTITY (
    SEQUENCE NAME public.auth_group_permissions_id_seq
    START WITH 1
    INCREMENT BY 1
    NO MINVALUE
    NO MAXVALUE
    CACHE 1
);


--
-- Name: auth_permission; Type: TABLE; Schema: public; Owner: postgres
--

CREATE TABLE public.auth_permission (
    id integer NOT NULL,
    name character varying(255) NOT NULL,
    content_type_id integer NOT NULL,
    codename character varying(100) NOT NULL
);


ALTER TABLE public.auth_permission OWNER TO postgres;

--
-- Name: auth_permission_id_seq; Type: SEQUENCE; Schema: public; Owner: postgres
--

ALTER TABLE public.auth_permission ALTER COLUMN id ADD GENERATED BY DEFAULT AS IDENTITY (
    SEQUENCE NAME public.auth_permission_id_seq
    START WITH 1
    INCREMENT BY 1
    NO MINVALUE
    NO MAXVALUE
    CACHE 1
);


--
-- Name: auth_user; Type: TABLE; Schema: public; Owner: postgres
--

CREATE TABLE public.auth_user (
    id integer NOT NULL,
    password character varying(128) NOT NULL,
    last_login timestamp with time zone,
    is_superuser boolean NOT NULL,
    username character varying(150) NOT NULL,
    first_name character varying(150) NOT NULL,
    last_name character varying(150) NOT NULL,
    email character varying(254) NOT NULL,
    is_staff boolean NOT NULL,
    is_active boolean NOT NULL,
    date_joined timestamp with time zone NOT NULL
);


ALTER TABLE public.auth_user OWNER TO postgres;

--
-- Name: auth_user_groups; Type: TABLE; Schema: public; Owner: postgres
--

CREATE TABLE public.auth_user_groups (
    id bigint NOT NULL,
    user_id integer NOT NULL,
    group_id integer NOT NULL
);


ALTER TABLE public.auth_user_groups OWNER TO postgres;

--
-- Name: auth_user_groups_id_seq; Type: SEQUENCE; Schema: public; Owner: postgres
--

ALTER TABLE public.auth_user_groups ALTER COLUMN id ADD GENERATED BY DEFAULT AS IDENTITY (
    SEQUENCE NAME public.auth_user_groups_id_seq
    START WITH 1
    INCREMENT BY 1
    NO MINVALUE
    NO MAXVALUE
    CACHE 1
);


--
-- Name: auth_user_id_seq; Type: SEQUENCE; Schema: public; Owner: postgres
--

ALTER TABLE public.auth_user ALTER COLUMN id ADD GENERATED BY DEFAULT AS IDENTITY (
    SEQUENCE NAME public.auth_user_id_seq
    START WITH 1
    INCREMENT BY 1
    NO MINVALUE
    NO MAXVALUE
    CACHE 1
);


--
-- Name: auth_user_user_permissions; Type: TABLE; Schema: public; Owner: postgres
--

CREATE TABLE public.auth_user_user_permissions (
    id bigint NOT NULL,
    user_id integer NOT NULL,
    permission_id integer NOT NULL
);


ALTER TABLE public.auth_user_user_permissions OWNER TO postgres;

--
-- Name: auth_user_user_permissions_id_seq; Type: SEQUENCE; Schema: public; Owner: postgres
--

ALTER TABLE public.auth_user_user_permissions ALTER COLUMN id ADD GENERATED BY DEFAULT AS IDENTITY (
    SEQUENCE NAME public.auth_user_user_permissions_id_seq
    START WITH 1
    INCREMENT BY 1
    NO MINVALUE
    NO MAXVALUE
    CACHE 1
);


--
-- Name: bancos; Type: TABLE; Schema: public; Owner: postgres
--

CREATE TABLE public.bancos (
    codigo character varying(10) NOT NULL,
    nombre character varying(100) NOT NULL
);


ALTER TABLE public.bancos OWNER TO postgres;

--
-- Name: cargos; Type: TABLE; Schema: public; Owner: postgres
--

CREATE TABLE public.cargos (
    id bigint NOT NULL,
    activo boolean NOT NULL,
    creado_en timestamp with time zone NOT NULL,
    actualizado_en timestamp with time zone NOT NULL,
    familia_id integer NOT NULL,
    nivel_id character varying(10) NOT NULL
);


ALTER TABLE public.cargos OWNER TO postgres;

--
-- Name: cargos_id_seq; Type: SEQUENCE; Schema: public; Owner: postgres
--

ALTER TABLE public.cargos ALTER COLUMN id ADD GENERATED BY DEFAULT AS IDENTITY (
    SEQUENCE NAME public.cargos_id_seq
    START WITH 1
    INCREMENT BY 1
    NO MINVALUE
    NO MAXVALUE
    CACHE 1
);


--
-- Name: concepto_pago; Type: TABLE; Schema: public; Owner: postgres
--

CREATE TABLE public.concepto_pago (
    codigo character varying NOT NULL,
    descripcion character varying(255) NOT NULL,
    status character varying(50) NOT NULL,
    nombre_nomina character varying(255) NOT NULL,
    tipo_pago_id integer NOT NULL,
    tipo_concepto character varying(20) NOT NULL
);


ALTER TABLE public.concepto_pago OWNER TO postgres;

--
-- Name: concepto_tipotrabajador; Type: TABLE; Schema: public; Owner: postgres
--

CREATE TABLE public.concepto_tipotrabajador (
    id bigint NOT NULL,
    tipo_trabajador_id integer NOT NULL,
    codigo character varying NOT NULL
);


ALTER TABLE public.concepto_tipotrabajador OWNER TO postgres;

--
-- Name: control_vacaciones; Type: TABLE; Schema: public; Owner: postgres
--

CREATE TABLE public.control_vacaciones (
    id bigint NOT NULL,
    "año" integer NOT NULL,
    dias_acumulados integer NOT NULL,
    dias_tomados integer NOT NULL,
    dias_pendientes integer NOT NULL,
    ultima_actualizacion timestamp with time zone NOT NULL,
    empleado_id integer NOT NULL,
    CONSTRAINT "login_control_vacaciones_año_check" CHECK (("año" >= 0)),
    CONSTRAINT login_control_vacaciones_dias_acumulados_check CHECK ((dias_acumulados >= 0)),
    CONSTRAINT login_control_vacaciones_dias_pendientes_check CHECK ((dias_pendientes >= 0)),
    CONSTRAINT login_control_vacaciones_dias_tomados_check CHECK ((dias_tomados >= 0))
);


ALTER TABLE public.control_vacaciones OWNER TO postgres;

--
-- Name: cuentas_bancarias; Type: TABLE; Schema: public; Owner: postgres
--

CREATE TABLE public.cuentas_bancarias (
    id bigint NOT NULL,
    tipo character varying(1) NOT NULL,
    numero_cuenta character varying(20) NOT NULL,
    activa boolean NOT NULL,
    banco_id character varying(10) NOT NULL,
    empleado_id integer NOT NULL
);


ALTER TABLE public.cuentas_bancarias OWNER TO postgres;

--
-- Name: cuentas_bancarias_id_seq; Type: SEQUENCE; Schema: public; Owner: postgres
--

ALTER TABLE public.cuentas_bancarias ALTER COLUMN id ADD GENERATED BY DEFAULT AS IDENTITY (
    SEQUENCE NAME public.cuentas_bancarias_id_seq
    START WITH 1
    INCREMENT BY 1
    NO MINVALUE
    NO MAXVALUE
    CACHE 1
);


--
-- Name: detalle_arc; Type: TABLE; Schema: public; Owner: postgres
--

CREATE TABLE public.detalle_arc (
    id bigint NOT NULL,
    mes integer NOT NULL,
    monto_bruto numeric(14,2) NOT NULL,
    porcentaje_retencion numeric(5,2) NOT NULL,
    islr_retenido numeric(14,2) NOT NULL,
    monto_neto numeric(14,2),
    monto_declarar numeric(14,2) NOT NULL,
    especificacion character varying(20) NOT NULL,
    arc_id integer NOT NULL
);


ALTER TABLE public.detalle_arc OWNER TO postgres;

--
-- Name: detalle_arc_id_seq; Type: SEQUENCE; Schema: public; Owner: postgres
--

ALTER TABLE public.detalle_arc ALTER COLUMN id ADD GENERATED BY DEFAULT AS IDENTITY (
    SEQUENCE NAME public.detalle_arc_id_seq
    START WITH 1
    INCREMENT BY 1
    NO MINVALUE
    NO MAXVALUE
    CACHE 1
);


--
-- Name: detalle_nomina; Type: TABLE; Schema: public; Owner: postgres
--

CREATE TABLE public.detalle_nomina (
    id bigint NOT NULL,
    monto numeric(12,2) NOT NULL,
    cedula_id integer NOT NULL,
    codigo_id character varying NOT NULL,
    nomina_id integer NOT NULL
);


ALTER TABLE public.detalle_nomina OWNER TO postgres;

--
-- Name: detalle_nomina_id_seq; Type: SEQUENCE; Schema: public; Owner: postgres
--

ALTER TABLE public.detalle_nomina ALTER COLUMN id ADD GENERATED BY DEFAULT AS IDENTITY (
    SEQUENCE NAME public.detalle_nomina_id_seq
    START WITH 1
    INCREMENT BY 1
    NO MINVALUE
    NO MAXVALUE
    CACHE 1
);


--
-- Name: detalle_prenomina; Type: TABLE; Schema: public; Owner: postgres
--

CREATE TABLE public.detalle_prenomina (
    id bigint NOT NULL,
    total_monto numeric(14,2) NOT NULL,
    codigo_id character varying NOT NULL,
    prenomina_id integer NOT NULL
);


ALTER TABLE public.detalle_prenomina OWNER TO postgres;

--
-- Name: detalle_prenomina_id_seq; Type: SEQUENCE; Schema: public; Owner: postgres
--

ALTER TABLE public.detalle_prenomina ALTER COLUMN id ADD GENERATED BY DEFAULT AS IDENTITY (
    SEQUENCE NAME public.detalle_prenomina_id_seq
    START WITH 1
    INCREMENT BY 1
    NO MINVALUE
    NO MAXVALUE
    CACHE 1
);


--
-- Name: detalle_recibo; Type: TABLE; Schema: public; Owner: postgres
--

CREATE TABLE public.detalle_recibo (
    id bigint NOT NULL,
    detalle_nomina_id bigint NOT NULL,
    recibo_id bigint NOT NULL
);


ALTER TABLE public.detalle_recibo OWNER TO postgres;

--
-- Name: detalle_recibo_id_seq; Type: SEQUENCE; Schema: public; Owner: postgres
--

ALTER TABLE public.detalle_recibo ALTER COLUMN id ADD GENERATED BY DEFAULT AS IDENTITY (
    SEQUENCE NAME public.detalle_recibo_id_seq
    START WITH 1
    INCREMENT BY 1
    NO MINVALUE
    NO MAXVALUE
    CACHE 1
);


--
-- Name: django_admin_log; Type: TABLE; Schema: public; Owner: postgres
--

CREATE TABLE public.django_admin_log (
    id integer NOT NULL,
    action_time timestamp with time zone NOT NULL,
    object_id text,
    object_repr character varying(200) NOT NULL,
    action_flag smallint NOT NULL,
    change_message text NOT NULL,
    content_type_id integer,
    user_id integer NOT NULL,
    CONSTRAINT django_admin_log_action_flag_check CHECK ((action_flag >= 0))
);


ALTER TABLE public.django_admin_log OWNER TO postgres;

--
-- Name: django_admin_log_id_seq; Type: SEQUENCE; Schema: public; Owner: postgres
--

ALTER TABLE public.django_admin_log ALTER COLUMN id ADD GENERATED BY DEFAULT AS IDENTITY (
    SEQUENCE NAME public.django_admin_log_id_seq
    START WITH 1
    INCREMENT BY 1
    NO MINVALUE
    NO MAXVALUE
    CACHE 1
);


--
-- Name: django_content_type; Type: TABLE; Schema: public; Owner: postgres
--

CREATE TABLE public.django_content_type (
    id integer NOT NULL,
    app_label character varying(100) NOT NULL,
    model character varying(100) NOT NULL
);


ALTER TABLE public.django_content_type OWNER TO postgres;

--
-- Name: django_content_type_id_seq; Type: SEQUENCE; Schema: public; Owner: postgres
--

ALTER TABLE public.django_content_type ALTER COLUMN id ADD GENERATED BY DEFAULT AS IDENTITY (
    SEQUENCE NAME public.django_content_type_id_seq
    START WITH 1
    INCREMENT BY 1
    NO MINVALUE
    NO MAXVALUE
    CACHE 1
);


--
-- Name: django_migrations; Type: TABLE; Schema: public; Owner: postgres
--

CREATE TABLE public.django_migrations (
    id bigint NOT NULL,
    app character varying(255) NOT NULL,
    name character varying(255) NOT NULL,
    applied timestamp with time zone NOT NULL
);


ALTER TABLE public.django_migrations OWNER TO postgres;

--
-- Name: django_migrations_id_seq; Type: SEQUENCE; Schema: public; Owner: postgres
--

ALTER TABLE public.django_migrations ALTER COLUMN id ADD GENERATED BY DEFAULT AS IDENTITY (
    SEQUENCE NAME public.django_migrations_id_seq
    START WITH 1
    INCREMENT BY 1
    NO MINVALUE
    NO MAXVALUE
    CACHE 1
);


--
-- Name: django_session; Type: TABLE; Schema: public; Owner: postgres
--

CREATE TABLE public.django_session (
    session_key character varying(40) NOT NULL,
    session_data text NOT NULL,
    expire_date timestamp with time zone NOT NULL
);


ALTER TABLE public.django_session OWNER TO postgres;

--
-- Name: empleados; Type: TABLE; Schema: public; Owner: postgres
--

CREATE TABLE public.empleados (
    cedula integer NOT NULL,
    primer_nombre character varying(50) NOT NULL,
    primer_apellido character varying(50) NOT NULL,
    segundo_nombre character varying(50),
    segundo_apellido character varying(50),
    tipo_identificacion character varying(1) NOT NULL,
    actualizado_en timestamp with time zone NOT NULL,
    conyuge boolean NOT NULL,
    direccion text,
    email character varying(254),
    estado_civil character varying(1),
    fecha_ingreso date NOT NULL,
    fecha_nacimiento date,
    genero character varying(1),
    grado_instruccion character varying(20),
    hijos integer NOT NULL,
    lugar_nacimiento character varying(100),
    rif character varying(20),
    status boolean NOT NULL,
    telefono_principal character varying(20),
    telefono_secundario character varying(20),
    tipo_trabajador_id integer NOT NULL,
    cargo_id bigint NOT NULL,
    nivel_salarial_id bigint,
    CONSTRAINT empleados_hijos_check CHECK ((hijos >= 0))
);


ALTER TABLE public.empleados OWNER TO postgres;

--
-- Name: familias_cargo; Type: TABLE; Schema: public; Owner: postgres
--

CREATE TABLE public.familias_cargo (
    codigo_familiacargo integer NOT NULL,
    nombre character varying(100) NOT NULL,
    tipo_trabajador_id integer NOT NULL
);


ALTER TABLE public.familias_cargo OWNER TO postgres;

--
-- Name: hijos; Type: TABLE; Schema: public; Owner: postgres
--

CREATE TABLE public.hijos (
    id bigint NOT NULL,
    nombre_completo character varying(100) NOT NULL,
    cedula character varying(20),
    fecha_nacimiento date NOT NULL,
    lugar_nacimiento character varying(100),
    genero character varying(1) NOT NULL,
    estudia character varying(1) NOT NULL,
    nivel_educativo character varying(50),
    discapacidad boolean NOT NULL,
    creado_en timestamp with time zone NOT NULL,
    actualizado_en timestamp with time zone NOT NULL,
    empleado_id integer NOT NULL
);


ALTER TABLE public.hijos OWNER TO postgres;

--
-- Name: justificaciones; Type: TABLE; Schema: public; Owner: postgres
--

CREATE TABLE public.justificaciones (
    id bigint NOT NULL,
    tipo character varying(1) NOT NULL,
    descripcion text NOT NULL,
    documento character varying(100),
    fecha_creacion timestamp with time zone NOT NULL,
    fecha_aprobacion timestamp with time zone,
    aprobado_por_id integer,
    asistencias_id bigint NOT NULL
);


ALTER TABLE public.justificaciones OWNER TO postgres;

--
-- Name: justificaciones_id_seq; Type: SEQUENCE; Schema: public; Owner: postgres
--

ALTER TABLE public.justificaciones ALTER COLUMN id ADD GENERATED BY DEFAULT AS IDENTITY (
    SEQUENCE NAME public.justificaciones_id_seq
    START WITH 1
    INCREMENT BY 1
    NO MINVALUE
    NO MAXVALUE
    CACHE 1
);


--
-- Name: login_asistencias_id_seq; Type: SEQUENCE; Schema: public; Owner: postgres
--

ALTER TABLE public.asistencias ALTER COLUMN id ADD GENERATED BY DEFAULT AS IDENTITY (
    SEQUENCE NAME public.login_asistencias_id_seq
    START WITH 1
    INCREMENT BY 1
    NO MINVALUE
    NO MAXVALUE
    CACHE 1
);


--
-- Name: login_concepto_tipotrabajador_id_seq; Type: SEQUENCE; Schema: public; Owner: postgres
--

ALTER TABLE public.concepto_tipotrabajador ALTER COLUMN id ADD GENERATED BY DEFAULT AS IDENTITY (
    SEQUENCE NAME public.login_concepto_tipotrabajador_id_seq
    START WITH 1
    INCREMENT BY 1
    NO MINVALUE
    NO MAXVALUE
    CACHE 1
);


--
-- Name: login_control_vacaciones_id_seq; Type: SEQUENCE; Schema: public; Owner: postgres
--

ALTER TABLE public.control_vacaciones ALTER COLUMN id ADD GENERATED BY DEFAULT AS IDENTITY (
    SEQUENCE NAME public.login_control_vacaciones_id_seq
    START WITH 1
    INCREMENT BY 1
    NO MINVALUE
    NO MAXVALUE
    CACHE 1
);


--
-- Name: login_hijo_id_seq; Type: SEQUENCE; Schema: public; Owner: postgres
--

ALTER TABLE public.hijos ALTER COLUMN id ADD GENERATED BY DEFAULT AS IDENTITY (
    SEQUENCE NAME public.login_hijo_id_seq
    START WITH 1
    INCREMENT BY 1
    NO MINVALUE
    NO MAXVALUE
    CACHE 1
);


--
-- Name: mes_aplicacionconcepto; Type: TABLE; Schema: public; Owner: postgres
--

CREATE TABLE public.mes_aplicacionconcepto (
    id bigint NOT NULL,
    codigo_id integer NOT NULL,
    meses_id integer NOT NULL
);


ALTER TABLE public.mes_aplicacionconcepto OWNER TO postgres;

--
-- Name: login_mes_aplicacionconcepto_id_seq; Type: SEQUENCE; Schema: public; Owner: postgres
--

ALTER TABLE public.mes_aplicacionconcepto ALTER COLUMN id ADD GENERATED BY DEFAULT AS IDENTITY (
    SEQUENCE NAME public.login_mes_aplicacionconcepto_id_seq
    START WITH 1
    INCREMENT BY 1
    NO MINVALUE
    NO MAXVALUE
    CACHE 1
);


--
-- Name: permiso_asistencias; Type: TABLE; Schema: public; Owner: postgres
--

CREATE TABLE public.permiso_asistencias (
    id bigint NOT NULL,
    empleado_id integer NOT NULL,
    descriptcion character varying(100) NOT NULL,
    fecha_fin date NOT NULL,
    fecha_inicio date NOT NULL
);


ALTER TABLE public.permiso_asistencias OWNER TO postgres;

--
-- Name: login_permiso_asistencias_id_seq; Type: SEQUENCE; Schema: public; Owner: postgres
--

ALTER TABLE public.permiso_asistencias ALTER COLUMN id ADD GENERATED BY DEFAULT AS IDENTITY (
    SEQUENCE NAME public.login_permiso_asistencias_id_seq
    START WITH 1
    INCREMENT BY 1
    NO MINVALUE
    NO MAXVALUE
    CACHE 1
);


--
-- Name: registros_vacaciones; Type: TABLE; Schema: public; Owner: postgres
--

CREATE TABLE public.registros_vacaciones (
    id bigint NOT NULL,
    fecha_inicio date NOT NULL,
    fecha_fin date NOT NULL,
    actualizado_en timestamp with time zone NOT NULL,
    creado_en timestamp with time zone,
    dias_efectivos integer NOT NULL,
    dias_habilitados integer NOT NULL,
    dias_planificados integer NOT NULL,
    estado character varying(4) NOT NULL,
    fecha_inhabilitacion date,
    fecha_reanudacion date,
    motivo_inhabilitacion text,
    control_id bigint,
    CONSTRAINT login_registro_vacaciones_dias_efectivos_check CHECK ((dias_efectivos >= 0)),
    CONSTRAINT login_registro_vacaciones_dias_habilitados_check CHECK ((dias_habilitados >= 0)),
    CONSTRAINT login_registro_vacaciones_dias_planificados_check CHECK ((dias_planificados >= 0))
);


ALTER TABLE public.registros_vacaciones OWNER TO postgres;

--
-- Name: login_registro_vacaciones_id_seq; Type: SEQUENCE; Schema: public; Owner: postgres
--

ALTER TABLE public.registros_vacaciones ALTER COLUMN id ADD GENERATED BY DEFAULT AS IDENTITY (
    SEQUENCE NAME public.login_registro_vacaciones_id_seq
    START WITH 1
    INCREMENT BY 1
    NO MINVALUE
    NO MAXVALUE
    CACHE 1
);


--
-- Name: meses; Type: TABLE; Schema: public; Owner: postgres
--

CREATE TABLE public.meses (
    id_mes integer NOT NULL,
    nombre_mes character varying(20) NOT NULL
);


ALTER TABLE public.meses OWNER TO postgres;

--
-- Name: niveles_cargo; Type: TABLE; Schema: public; Owner: postgres
--

CREATE TABLE public.niveles_cargo (
    nivel character varying(10) NOT NULL,
    nombre character varying(50) NOT NULL,
    orden_jerarquico smallint NOT NULL,
    CONSTRAINT niveles_cargo_orden_jerarquico_check CHECK ((orden_jerarquico >= 0))
);


ALTER TABLE public.niveles_cargo OWNER TO postgres;

--
-- Name: niveles_salariales; Type: TABLE; Schema: public; Owner: postgres
--

CREATE TABLE public.niveles_salariales (
    id bigint NOT NULL,
    grado character varying(4) NOT NULL,
    nivel character varying(3) NOT NULL,
    monto numeric(10,2) NOT NULL,
    tipo_trabajador_id integer NOT NULL
);


ALTER TABLE public.niveles_salariales OWNER TO postgres;

--
-- Name: niveles_salariales_id_seq; Type: SEQUENCE; Schema: public; Owner: postgres
--

ALTER TABLE public.niveles_salariales ALTER COLUMN id ADD GENERATED BY DEFAULT AS IDENTITY (
    SEQUENCE NAME public.niveles_salariales_id_seq
    START WITH 1
    INCREMENT BY 1
    NO MINVALUE
    NO MAXVALUE
    CACHE 1
);


--
-- Name: nomina; Type: TABLE; Schema: public; Owner: postgres
--

CREATE TABLE public.nomina (
    id_nomina integer NOT NULL,
    periodo character varying(255) NOT NULL,
    secuencia_id integer NOT NULL,
    fecha_cierre date NOT NULL,
    fecha_carga timestamp with time zone NOT NULL,
    tipo_nomina_id integer NOT NULL
);


ALTER TABLE public.nomina OWNER TO postgres;

--
-- Name: nomina_id_nomina_seq; Type: SEQUENCE; Schema: public; Owner: postgres
--

ALTER TABLE public.nomina ALTER COLUMN id_nomina ADD GENERATED BY DEFAULT AS IDENTITY (
    SEQUENCE NAME public.nomina_id_nomina_seq
    START WITH 1
    INCREMENT BY 1
    NO MINVALUE
    NO MAXVALUE
    CACHE 1
);


--
-- Name: permisos; Type: TABLE; Schema: public; Owner: postgres
--

CREATE TABLE public.permisos (
    codigo character varying(50) NOT NULL,
    nombre character varying(100) NOT NULL,
    descripcion text NOT NULL
);


ALTER TABLE public.permisos OWNER TO postgres;

--
-- Name: preguntas_seguridad; Type: TABLE; Schema: public; Owner: postgres
--

CREATE TABLE public.preguntas_seguridad (
    id bigint NOT NULL,
    pregunta text NOT NULL,
    activa boolean NOT NULL
);


ALTER TABLE public.preguntas_seguridad OWNER TO postgres;

--
-- Name: preguntas_seguridad_id_seq; Type: SEQUENCE; Schema: public; Owner: postgres
--

ALTER TABLE public.preguntas_seguridad ALTER COLUMN id ADD GENERATED BY DEFAULT AS IDENTITY (
    SEQUENCE NAME public.preguntas_seguridad_id_seq
    START WITH 1
    INCREMENT BY 1
    NO MINVALUE
    NO MAXVALUE
    CACHE 1
);


--
-- Name: prenomina; Type: TABLE; Schema: public; Owner: postgres
--

CREATE TABLE public.prenomina (
    id_prenomina integer NOT NULL,
    fecha_creacion timestamp with time zone NOT NULL,
    nomina_id integer NOT NULL
);


ALTER TABLE public.prenomina OWNER TO postgres;

--
-- Name: prenomina_id_prenomina_seq; Type: SEQUENCE; Schema: public; Owner: postgres
--

ALTER TABLE public.prenomina ALTER COLUMN id_prenomina ADD GENERATED BY DEFAULT AS IDENTITY (
    SEQUENCE NAME public.prenomina_id_prenomina_seq
    START WITH 1
    INCREMENT BY 1
    NO MINVALUE
    NO MAXVALUE
    CACHE 1
);


--
-- Name: recibo_pago; Type: TABLE; Schema: public; Owner: postgres
--

CREATE TABLE public.recibo_pago (
    id bigint NOT NULL,
    cedula_id integer NOT NULL,
    fecha_generacion timestamp with time zone NOT NULL,
    nomina_id integer NOT NULL
);


ALTER TABLE public.recibo_pago OWNER TO postgres;

--
-- Name: recibo_pago_id_seq; Type: SEQUENCE; Schema: public; Owner: postgres
--

ALTER TABLE public.recibo_pago ALTER COLUMN id ADD GENERATED BY DEFAULT AS IDENTITY (
    SEQUENCE NAME public.recibo_pago_id_seq
    START WITH 1
    INCREMENT BY 1
    NO MINVALUE
    NO MAXVALUE
    CACHE 1
);


--
-- Name: rol; Type: TABLE; Schema: public; Owner: postgres
--

CREATE TABLE public.rol (
    codigo_rol integer NOT NULL,
    nombre_rol character varying(50) NOT NULL,
    descripcion text NOT NULL
);


ALTER TABLE public.rol OWNER TO postgres;

--
-- Name: rol_permisos; Type: TABLE; Schema: public; Owner: postgres
--

CREATE TABLE public.rol_permisos (
    id bigint NOT NULL,
    permiso_id character varying(50) NOT NULL,
    rol_id integer NOT NULL,
    fecha_asignacion timestamp with time zone NOT NULL
);


ALTER TABLE public.rol_permisos OWNER TO postgres;

--
-- Name: rol_permisos_id_seq; Type: SEQUENCE; Schema: public; Owner: postgres
--

ALTER TABLE public.rol_permisos ALTER COLUMN id ADD GENERATED BY DEFAULT AS IDENTITY (
    SEQUENCE NAME public.rol_permisos_id_seq
    START WITH 1
    INCREMENT BY 1
    NO MINVALUE
    NO MAXVALUE
    CACHE 1
);


--
-- Name: secuencia; Type: TABLE; Schema: public; Owner: postgres
--

CREATE TABLE public.secuencia (
    id_secuencia integer NOT NULL,
    nombre_secuencia character varying(20) NOT NULL
);


ALTER TABLE public.secuencia OWNER TO postgres;

--
-- Name: tipo_nomina; Type: TABLE; Schema: public; Owner: postgres
--

CREATE TABLE public.tipo_nomina (
    codigo_tiponomina integer NOT NULL,
    tipo_nomina character varying(50) NOT NULL
);


ALTER TABLE public.tipo_nomina OWNER TO postgres;

--
-- Name: tipo_pago; Type: TABLE; Schema: public; Owner: postgres
--

CREATE TABLE public.tipo_pago (
    codigo_tipopago integer NOT NULL,
    nombre_tipopago character varying(100) NOT NULL,
    abreviatura_excel_tipopago character varying(20) NOT NULL
);


ALTER TABLE public.tipo_pago OWNER TO postgres;

--
-- Name: tipo_trabajador; Type: TABLE; Schema: public; Owner: postgres
--

CREATE TABLE public.tipo_trabajador (
    codigo_trabajador integer NOT NULL,
    descripcion character varying(100) NOT NULL
);


ALTER TABLE public.tipo_trabajador OWNER TO postgres;

--
-- Name: usuario_preguntas; Type: TABLE; Schema: public; Owner: postgres
--

CREATE TABLE public.usuario_preguntas (
    id bigint NOT NULL,
    respuesta_hash character varying(128) NOT NULL,
    fecha_creacion timestamp with time zone NOT NULL,
    pregunta_id bigint NOT NULL,
    id_usuario integer NOT NULL
);


ALTER TABLE public.usuario_preguntas OWNER TO postgres;

--
-- Name: usuario_preguntas_id_seq; Type: SEQUENCE; Schema: public; Owner: postgres
--

ALTER TABLE public.usuario_preguntas ALTER COLUMN id ADD GENERATED BY DEFAULT AS IDENTITY (
    SEQUENCE NAME public.usuario_preguntas_id_seq
    START WITH 1
    INCREMENT BY 1
    NO MINVALUE
    NO MAXVALUE
    CACHE 1
);


--
-- Name: usuarios; Type: TABLE; Schema: public; Owner: postgres
--

CREATE TABLE public.usuarios (
    id integer NOT NULL,
    email character varying(254) NOT NULL,
    "contraseña_hash" character varying(128) NOT NULL,
    ultimo_login timestamp with time zone,
    fecha_registro timestamp with time zone NOT NULL,
    empleado_cedula integer NOT NULL,
    rol_id integer NOT NULL,
    activo boolean NOT NULL
);


ALTER TABLE public.usuarios OWNER TO postgres;

--
-- Name: usuarios_id_seq; Type: SEQUENCE; Schema: public; Owner: postgres
--

ALTER TABLE public.usuarios ALTER COLUMN id ADD GENERATED BY DEFAULT AS IDENTITY (
    SEQUENCE NAME public.usuarios_id_seq
    START WITH 1
    INCREMENT BY 1
    NO MINVALUE
    NO MAXVALUE
    CACHE 1
);


--
-- Data for Name: arc; Type: TABLE DATA; Schema: public; Owner: postgres
--

COPY public.arc (id_arc, anio, total_monto_declarar, total_vacaciones, total_aguinaldos, total_evaluacion, total_salarios, fecha_generacion, empleado_id) FROM stdin;
\.


--
-- Data for Name: asistencias; Type: TABLE DATA; Schema: public; Owner: postgres
--

COPY public.asistencias (id, fecha, estado, observaciones, fecha_registro, empleado_id, registrado_por_id, hora_entrada, hora_salida) FROM stdin;
111	2025-06-04	A		2025-06-15 15:19:04.872616-04	30752547	\N	08:00:00	12:00:00
112	2025-05-21	A		2025-06-15 16:59:32.852361-04	30752547	\N	08:00:00	15:00:00
113	2025-05-23	A		2025-06-15 17:00:00.880427-04	30752547	\N	08:00:00	15:00:00
41	2025-06-01	A		2025-06-15 00:09:57.483908-04	30480815	\N	08:00:00	15:00:00
42	2025-06-02	A		2025-06-15 00:10:17.307217-04	30480815	\N	08:00:00	15:00:00
43	2025-06-03	A		2025-06-15 00:11:31.048982-04	30480815	\N	08:00:00	15:00:00
44	2025-06-04	A		2025-06-15 00:11:45.960163-04	30480815	\N	08:00:00	15:00:00
45	2025-06-05	A		2025-06-15 00:12:11.222596-04	30480815	\N	08:00:00	15:00:00
46	2025-06-06	A		2025-06-15 00:12:42.39123-04	30480815	\N	08:00:00	15:00:00
47	2025-06-07	A		2025-06-15 00:15:35.880785-04	30480815	\N	08:00:00	15:00:00
48	2025-06-09	A		2025-06-15 00:15:57.360063-04	30480815	\N	08:00:00	15:00:00
49	2025-06-10	A		2025-06-15 00:16:18.453333-04	30480815	\N	08:00:00	15:00:00
50	2025-06-11	A		2025-06-15 00:16:34.003175-04	30480815	\N	08:00:00	15:00:00
51	2025-06-13	A		2025-06-15 00:16:52.307256-04	30480815	\N	08:00:00	15:00:00
52	2025-06-12	A		2025-06-15 00:17:14.706921-04	30480815	\N	08:00:00	15:00:00
53	2025-06-14	A		2025-06-15 00:17:32.643929-04	30480815	\N	08:00:00	15:00:00
54	2025-06-15	A		2025-06-15 00:18:21.815344-04	30480815	\N	08:00:00	15:00:00
70	2025-06-16	P	Permiso: permiso por cuido de familiar	2025-06-15 01:58:12.116711-04	30480815	\N	\N	\N
71	2025-06-17	P	Permiso: permiso por cuido de familiar	2025-06-15 01:58:12.119703-04	30480815	\N	\N	\N
72	2025-06-18	P	Permiso: permiso por cuido de familiar	2025-06-15 01:58:12.121698-04	30480815	\N	\N	\N
73	2025-06-19	P	Permiso: permiso por cuido de familiar	2025-06-15 01:58:12.124688-04	30480815	\N	\N	\N
74	2025-06-20	P	Permiso: permiso por cuido de familiar	2025-06-15 01:58:12.126684-04	30480815	\N	\N	\N
75	2025-06-21	P	Permiso: permiso por cuido de familiar	2025-06-15 01:58:12.128678-04	30480815	\N	\N	\N
76	2025-06-22	P	Permiso: permiso por cuido de familiar	2025-06-15 01:58:12.130672-04	30480815	\N	\N	\N
77	2025-06-23	P	Permiso: permiso por cuido de familiar	2025-06-15 01:58:12.132668-04	30480815	\N	\N	\N
78	2025-06-24	P	Permiso: permiso por cuido de familiar	2025-06-15 01:58:12.134663-04	30480815	\N	\N	\N
79	2025-06-25	P	Permiso: permiso por cuido de familiar	2025-06-15 01:58:12.136656-04	30480815	\N	\N	\N
80	2025-06-26	P	Permiso: permiso por cuido de familiar	2025-06-15 01:58:12.138652-04	30480815	\N	\N	\N
81	2025-06-27	P	Permiso: permiso por cuido de familiar	2025-06-15 01:58:12.140646-04	30480815	\N	\N	\N
82	2025-06-28	P	Permiso: permiso por cuido de familiar	2025-06-15 01:58:12.14264-04	30480815	\N	\N	\N
83	2025-06-29	P	Permiso: permiso por cuido de familiar	2025-06-15 01:58:12.143638-04	30480815	\N	\N	\N
84	2025-06-30	P	Permiso: permiso por cuido de familiar	2025-06-15 01:58:12.145632-04	30480815	\N	\N	\N
85	2025-07-07	V	Vacaciones	2025-06-15 02:08:29.257013-04	30480815	\N	\N	\N
86	2025-07-08	V	Vacaciones	2025-06-15 02:08:29.259822-04	30480815	\N	\N	\N
87	2025-07-09	V	Vacaciones	2025-06-15 02:08:29.261807-04	30480815	\N	\N	\N
88	2025-07-10	V	Vacaciones	2025-06-15 02:08:29.263751-04	30480815	\N	\N	\N
89	2025-07-11	V	Vacaciones	2025-06-15 02:08:29.266118-04	30480815	\N	\N	\N
90	2025-07-12	V	Vacaciones	2025-06-15 02:08:29.26947-04	30480815	\N	\N	\N
91	2025-07-13	V	Vacaciones	2025-06-15 02:08:29.271554-04	30480815	\N	\N	\N
92	2025-07-14	V	Vacaciones	2025-06-15 02:08:29.273607-04	30480815	\N	\N	\N
93	2025-07-15	V	Vacaciones	2025-06-15 02:08:29.275589-04	30480815	\N	\N	\N
94	2025-07-16	V	Vacaciones	2025-06-15 02:08:29.277561-04	30480815	\N	\N	\N
95	2025-07-17	V	Vacaciones	2025-06-15 02:08:29.279527-04	30480815	\N	\N	\N
96	2025-07-18	V	Vacaciones	2025-06-15 02:08:29.281053-04	30480815	\N	\N	\N
97	2025-07-19	V	Vacaciones	2025-06-15 02:08:29.284051-04	30480815	\N	\N	\N
98	2025-07-20	V	Vacaciones	2025-06-15 02:08:29.28658-04	30480815	\N	\N	\N
99	2025-07-21	V	Vacaciones	2025-06-15 02:08:29.288645-04	30480815	\N	\N	\N
100	2025-07-22	V	Vacaciones	2025-06-15 02:08:29.290121-04	30480815	\N	\N	\N
101	2025-07-23	V	Vacaciones	2025-06-15 02:08:29.292012-04	30480815	\N	\N	\N
102	2025-07-24	V	Vacaciones	2025-06-15 02:08:29.294101-04	30480815	\N	\N	\N
103	2025-07-25	V	Vacaciones	2025-06-15 02:08:29.296252-04	30480815	\N	\N	\N
104	2025-05-28	A		2025-06-15 13:25:09.377326-04	30480815	\N	08:00:00	15:00:00
105	2025-05-27	A		2025-06-15 13:25:30.210999-04	30480815	\N	08:00:00	15:00:00
106	2025-05-26	F		2025-06-15 14:38:49.249478-04	30480815	\N	00:00:00	12:00:00
107	2025-05-25	F		2025-06-15 14:39:12.001412-04	30480815	\N	00:00:00	12:00:00
108	2025-06-01	A		2025-06-15 15:17:35.284431-04	30752547	\N	08:00:00	15:00:00
109	2025-06-02	A		2025-06-15 15:17:53.1036-04	30752547	\N	08:00:00	20:00:00
110	2025-06-03	A		2025-06-15 15:18:12.226327-04	30752547	\N	08:00:00	20:00:00
114	2025-06-16	P	Permiso: permiso por cuido de familiar	2025-06-16 17:23:54.509967-04	12470436	\N	\N	\N
115	2025-06-17	P	Permiso: permiso por cuido de familiar	2025-06-16 17:23:54.516215-04	12470436	\N	\N	\N
116	2025-06-18	P	Permiso: permiso por cuido de familiar	2025-06-16 17:23:54.520132-04	12470436	\N	\N	\N
117	2025-06-19	P	Permiso: permiso por cuido de familiar	2025-06-16 17:23:54.524296-04	12470436	\N	\N	\N
118	2025-06-20	P	Permiso: permiso por cuido de familiar	2025-06-16 17:23:54.528444-04	12470436	\N	\N	\N
119	2025-06-21	P	Permiso: permiso por cuido de familiar	2025-06-16 17:23:54.532563-04	12470436	\N	\N	\N
120	2025-06-22	P	Permiso: permiso por cuido de familiar	2025-06-16 17:23:54.53673-04	12470436	\N	\N	\N
121	2025-06-23	P	Permiso: permiso por cuido de familiar	2025-06-16 17:23:54.540717-04	12470436	\N	\N	\N
122	2025-06-24	P	Permiso: permiso por cuido de familiar	2025-06-16 17:23:54.543493-04	12470436	\N	\N	\N
123	2025-06-25	P	Permiso: permiso por cuido de familiar	2025-06-16 17:23:54.546485-04	12470436	\N	\N	\N
124	2025-06-26	P	Permiso: permiso por cuido de familiar	2025-06-16 17:23:54.549603-04	12470436	\N	\N	\N
125	2025-06-27	P	Permiso: permiso por cuido de familiar	2025-06-16 17:23:54.552923-04	12470436	\N	\N	\N
126	2025-06-28	P	Permiso: permiso por cuido de familiar	2025-06-16 17:23:54.556609-04	12470436	\N	\N	\N
127	2025-06-29	P	Permiso: permiso por cuido de familiar	2025-06-16 17:23:54.559254-04	12470436	\N	\N	\N
128	2025-06-30	P	Permiso: permiso por cuido de familiar	2025-06-16 17:23:54.561247-04	12470436	\N	\N	\N
\.


--
-- Data for Name: auth_group; Type: TABLE DATA; Schema: public; Owner: postgres
--

COPY public.auth_group (id, name) FROM stdin;
\.


--
-- Data for Name: auth_group_permissions; Type: TABLE DATA; Schema: public; Owner: postgres
--

COPY public.auth_group_permissions (id, group_id, permission_id) FROM stdin;
\.


--
-- Data for Name: auth_permission; Type: TABLE DATA; Schema: public; Owner: postgres
--

COPY public.auth_permission (id, name, content_type_id, codename) FROM stdin;
1	Can add log entry	1	add_logentry
2	Can change log entry	1	change_logentry
3	Can delete log entry	1	delete_logentry
4	Can view log entry	1	view_logentry
5	Can add permission	2	add_permission
6	Can change permission	2	change_permission
7	Can delete permission	2	delete_permission
8	Can view permission	2	view_permission
9	Can add group	3	add_group
10	Can change group	3	change_group
11	Can delete group	3	delete_group
12	Can view group	3	view_group
13	Can add user	4	add_user
14	Can change user	4	change_user
15	Can delete user	4	delete_user
16	Can view user	4	view_user
17	Can add content type	5	add_contenttype
18	Can change content type	5	change_contenttype
19	Can delete content type	5	delete_contenttype
20	Can view content type	5	view_contenttype
21	Can add session	6	add_session
22	Can change session	6	change_session
23	Can delete session	6	delete_session
24	Can view session	6	view_session
25	Can add rol	7	add_rol
26	Can change rol	7	change_rol
27	Can delete rol	7	delete_rol
28	Can view rol	7	view_rol
29	Can add empleado	8	add_empleado
30	Can change empleado	8	change_empleado
31	Can delete empleado	8	delete_empleado
32	Can view empleado	8	view_empleado
33	Can add pregunta_seguridad	9	add_pregunta_seguridad
34	Can change pregunta_seguridad	9	change_pregunta_seguridad
35	Can delete pregunta_seguridad	9	delete_pregunta_seguridad
36	Can view pregunta_seguridad	9	view_pregunta_seguridad
37	Can add usuario	10	add_usuario
38	Can change usuario	10	change_usuario
39	Can delete usuario	10	delete_usuario
40	Can view usuario	10	view_usuario
41	Can add Pregunta de usuario	11	add_usuario_pregunta
42	Can change Pregunta de usuario	11	change_usuario_pregunta
43	Can delete Pregunta de usuario	11	delete_usuario_pregunta
44	Can view Pregunta de usuario	11	view_usuario_pregunta
45	Can add usuario_rol	12	add_usuario_rol
46	Can change usuario_rol	12	change_usuario_rol
47	Can delete usuario_rol	12	delete_usuario_rol
48	Can view usuario_rol	12	view_usuario_rol
49	Can add meses_año	13	add_meses_año
50	Can change meses_año	13	change_meses_año
51	Can delete meses_año	13	delete_meses_año
52	Can view meses_año	13	view_meses_año
53	Can add tipo nomina	14	add_tiponomina
54	Can change tipo nomina	14	change_tiponomina
55	Can delete tipo nomina	14	delete_tiponomina
56	Can view tipo nomina	14	view_tiponomina
57	Can add tipo_nomina	14	add_tipo_nomina
58	Can change tipo_nomina	14	change_tipo_nomina
59	Can delete tipo_nomina	14	delete_tipo_nomina
60	Can view tipo_nomina	14	view_tipo_nomina
61	Can add meses	13	add_meses
62	Can change meses	13	change_meses
63	Can delete meses	13	delete_meses
64	Can view meses	13	view_meses
65	Can add secuencia	15	add_secuencia
66	Can change secuencia	15	change_secuencia
67	Can delete secuencia	15	delete_secuencia
68	Can view secuencia	15	view_secuencia
69	Can add concepto_pago	16	add_concepto_pago
70	Can change concepto_pago	16	change_concepto_pago
71	Can delete concepto_pago	16	delete_concepto_pago
72	Can view concepto_pago	16	view_concepto_pago
73	Can add concepto_tipotrabajador	17	add_concepto_tipotrabajador
74	Can change concepto_tipotrabajador	17	change_concepto_tipotrabajador
75	Can delete concepto_tipotrabajador	17	delete_concepto_tipotrabajador
76	Can view concepto_tipotrabajador	17	view_concepto_tipotrabajador
77	Can add tipo_trabajador	18	add_tipo_trabajador
78	Can change tipo_trabajador	18	change_tipo_trabajador
79	Can delete tipo_trabajador	18	delete_tipo_trabajador
80	Can view tipo_trabajador	18	view_tipo_trabajador
81	Can add tipo_pago	19	add_tipo_pago
82	Can change tipo_pago	19	change_tipo_pago
83	Can delete tipo_pago	19	delete_tipo_pago
84	Can view tipo_pago	19	view_tipo_pago
85	Can add mes_aplicacionconcepto	20	add_mes_aplicacionconcepto
86	Can change mes_aplicacionconcepto	20	change_mes_aplicacionconcepto
87	Can delete mes_aplicacionconcepto	20	delete_mes_aplicacionconcepto
88	Can view mes_aplicacionconcepto	20	view_mes_aplicacionconcepto
89	Can add nomina	21	add_nomina
90	Can change nomina	21	change_nomina
91	Can delete nomina	21	delete_nomina
92	Can view nomina	21	view_nomina
93	Can add Recibo de Pago	22	add_recibo_pago
94	Can change Recibo de Pago	22	change_recibo_pago
95	Can delete Recibo de Pago	22	delete_recibo_pago
96	Can view Recibo de Pago	22	view_recibo_pago
97	Can add Detalle de Nomina	23	add_detalle_nomina
98	Can change Detalle de Nomina	23	change_detalle_nomina
99	Can delete Detalle de Nomina	23	delete_detalle_nomina
100	Can view Detalle de Nomina	23	view_detalle_nomina
101	Can add detalle_recibo	24	add_detalle_recibo
102	Can change detalle_recibo	24	change_detalle_recibo
103	Can delete detalle_recibo	24	delete_detalle_recibo
104	Can view detalle_recibo	24	view_detalle_recibo
105	Can add banco	25	add_banco
106	Can change banco	25	change_banco
107	Can delete banco	25	delete_banco
108	Can view banco	25	view_banco
109	Can add Cargo	26	add_cargo
110	Can change Cargo	26	change_cargo
111	Can delete Cargo	26	delete_cargo
112	Can view Cargo	26	view_cargo
113	Can add nivel_cargo	27	add_nivel_cargo
114	Can change nivel_cargo	27	change_nivel_cargo
115	Can delete nivel_cargo	27	delete_nivel_cargo
116	Can view nivel_cargo	27	view_nivel_cargo
117	Can add familia_cargo	28	add_familia_cargo
118	Can change familia_cargo	28	change_familia_cargo
119	Can delete familia_cargo	28	delete_familia_cargo
120	Can view familia_cargo	28	view_familia_cargo
121	Can add cuenta_bancaria	29	add_cuenta_bancaria
122	Can change cuenta_bancaria	29	change_cuenta_bancaria
123	Can delete cuenta_bancaria	29	delete_cuenta_bancaria
124	Can view cuenta_bancaria	29	view_cuenta_bancaria
125	Can add Detalle de Pre-Nómina	30	add_detalle_prenomina
126	Can change Detalle de Pre-Nómina	30	change_detalle_prenomina
127	Can delete Detalle de Pre-Nómina	30	delete_detalle_prenomina
128	Can view Detalle de Pre-Nómina	30	view_detalle_prenomina
129	Can add Pre-Nómina	31	add_prenomina
130	Can change Pre-Nómina	31	change_prenomina
131	Can delete Pre-Nómina	31	delete_prenomina
132	Can view Pre-Nómina	31	view_prenomina
133	Can add permiso	32	add_permiso
134	Can change permiso	32	change_permiso
135	Can delete permiso	32	delete_permiso
136	Can view permiso	32	view_permiso
137	Can add rol_permiso	33	add_rol_permiso
138	Can change rol_permiso	33	change_rol_permiso
139	Can delete rol_permiso	33	delete_rol_permiso
140	Can view rol_permiso	33	view_rol_permiso
141	Can add rol_permisos	34	add_rol_permisos
142	Can change rol_permisos	34	change_rol_permisos
143	Can delete rol_permisos	34	delete_rol_permisos
144	Can view rol_permisos	34	view_rol_permisos
145	Can add nivel_salarial	35	add_nivel_salarial
146	Can change nivel_salarial	35	change_nivel_salarial
147	Can delete nivel_salarial	35	delete_nivel_salarial
148	Can view nivel_salarial	35	view_nivel_salarial
149	Can add asistencias	36	add_asistencias
150	Can change asistencias	36	change_asistencias
151	Can delete asistencias	36	delete_asistencias
152	Can view asistencias	36	view_asistencias
153	Can add Justificación de Falta	37	add_justificacion
154	Can change Justificación de Falta	37	change_justificacion
155	Can delete Justificación de Falta	37	delete_justificacion
156	Can view Justificación de Falta	37	view_justificacion
157	Can add licencia	38	add_licencia
158	Can change licencia	38	change_licencia
159	Can delete licencia	38	delete_licencia
160	Can view licencia	38	view_licencia
161	Can add permiso_asistencias	39	add_permiso_asistencias
162	Can change permiso_asistencias	39	change_permiso_asistencias
163	Can delete permiso_asistencias	39	delete_permiso_asistencias
164	Can view permiso_asistencias	39	view_permiso_asistencias
165	Can add registro_vacaciones	40	add_registro_vacaciones
166	Can change registro_vacaciones	40	change_registro_vacaciones
167	Can delete registro_vacaciones	40	delete_registro_vacaciones
168	Can view registro_vacaciones	40	view_registro_vacaciones
169	Can add control_vacaciones	41	add_control_vacaciones
170	Can change control_vacaciones	41	change_control_vacaciones
171	Can delete control_vacaciones	41	delete_control_vacaciones
172	Can view control_vacaciones	41	view_control_vacaciones
173	Can add Hijo	42	add_hijo
174	Can change Hijo	42	change_hijo
175	Can delete Hijo	42	delete_hijo
176	Can view Hijo	42	view_hijo
177	Can add ARC	43	add_arc
178	Can change ARC	43	change_arc
179	Can delete ARC	43	delete_arc
180	Can view ARC	43	view_arc
181	Can add Detalle ARC	44	add_detallearc
182	Can change Detalle ARC	44	change_detallearc
183	Can delete Detalle ARC	44	delete_detallearc
184	Can view Detalle ARC	44	view_detallearc
\.


--
-- Data for Name: auth_user; Type: TABLE DATA; Schema: public; Owner: postgres
--

COPY public.auth_user (id, password, last_login, is_superuser, username, first_name, last_name, email, is_staff, is_active, date_joined) FROM stdin;
\.


--
-- Data for Name: auth_user_groups; Type: TABLE DATA; Schema: public; Owner: postgres
--

COPY public.auth_user_groups (id, user_id, group_id) FROM stdin;
\.


--
-- Data for Name: auth_user_user_permissions; Type: TABLE DATA; Schema: public; Owner: postgres
--

COPY public.auth_user_user_permissions (id, user_id, permission_id) FROM stdin;
\.


--
-- Data for Name: bancos; Type: TABLE DATA; Schema: public; Owner: postgres
--

COPY public.bancos (codigo, nombre) FROM stdin;
0102	Banco de Venezuela
0104	Banco Venezolano de Crédito
0105	Banco Mercantil
0108	Banco Provincial
0114	Bancaribe
0115	Banco Exterior
0116	Banco Occidental de Descuento
0128	Banco Caroní
0134	Banesco
0137	Banco Sofitasa
0138	Banco Plaza
0146	Banco de la Gente Emprendedora
0151	BFC Banco Fondo Común
0156	100% Banco
0157	DelSur Banco Universal
0163	Banco del Tesoro
0166	Banco Agrícola de Venezuela
0168	Bancrecer
0169	Mi Banco
0171	Banco Activo
0172	Bancamiga
0174	Banplus
0175	Banco Bicentenario
0177	Banco de la Fuerza Armada Nacional Bolivariana
0190	Citibank
0191	Banco Nacional de Crédito
\.


--
-- Data for Name: cargos; Type: TABLE DATA; Schema: public; Owner: postgres
--

COPY public.cargos (id, activo, creado_en, actualizado_en, familia_id, nivel_id) FROM stdin;
1	t	2025-05-19 14:36:06.243326-04	2025-05-19 14:36:06.243326-04	7	I
2	t	2025-06-08 08:53:55.25254-04	2025-06-08 08:53:55.25254-04	2	I
3	t	2025-06-08 08:57:09.008554-04	2025-06-08 08:57:09.008554-04	2	III
4	t	2025-06-08 08:58:45.193408-04	2025-06-08 08:58:45.193408-04	2	II
5	t	2025-06-08 09:27:25.238462-04	2025-06-08 09:27:25.238462-04	2	V
\.


--
-- Data for Name: concepto_pago; Type: TABLE DATA; Schema: public; Owner: postgres
--

COPY public.concepto_pago (codigo, descripcion, status, nombre_nomina, tipo_pago_id, tipo_concepto) FROM stdin;
12001	AJUSTE DE AGUINALDOS	Ajuste	MtoAguinaldo	3	ASIGNACION
37001	AJUSTE DE DEDUC. PENSION ALIMENT. (SALARIO)	Ajuste	DeducSalPensAlim	1	DEDUCCION
37002	AJUSTE DE DEDUC. PENSION ALIMENT. (VACACIONES)	Ajuste	DeducVacPensAlim	1	DEDUCCION
37003	AJUSTE DE DEDUC. PENSION ALIMENT. (AGUINALDOS)	Ajuste	DeducAguiPensAlim	1	DEDUCCION
39001	AJUSTE DE DEDUCCION CJA. AHORRO CAPUREPANZ	Ajuste	DeducCapurepanz	1	DEDUCCION
39002	AJUSTE DE DEDUCCION CJA. AHORRO CAFUEOPANZ	Ajuste	DeducCafueopanz	1	DEDUCCION
39003	AJUSTE DE DEDUCCION CJA. AHORRO CAPPOETGA	Ajuste	DeducCappoetga	1	DEDUCCION
39004	AJUSTE DE DEDUCCION CJA. AHORRO CAPSTEA	Ajuste	DeducCapstea	1	DEDUCCION
39102	AJUSTE DE DEDUCCION SINDICATO SUGREGANZ	Ajuste	DeducSugreganz	1	DEDUCCION
39103	AJUSTE DE DEDUCCION SINDICATO UREPANZ	Ajuste	DeducUrepanz	1	DEDUCCION
1001	SUELDO AL PSNAL EMPLEADO	ACTIVO	SdoPeriodoAdm	1	ASIGNACION
1101	PRM POR HIJO	ACTIVO	PrmHjos	1	ASIGNACION
1102	PRM POR HIJO CON DISCAPACIDAD	ACTIVO	PrmHEsp	1	ASIGNACION
1103	PRM POR ANTIGUEDAD	ACTIVO	PrmAntg	1	ASIGNACION
1104	PRM POR PROFESIONALIZACION	ACTIVO	PrmProf	1	ASIGNACION
1105	PRM POR MERITO (EVALUACIÓN)	ACTIVO	PrmEvaluac	1	ASIGNACION
1112	PRM HORARIO NOCTURNO	ACTIVO	MtoTxtPrmNoct	1	ASIGNACION
1301	COMPENSACION POR DE SERVICIO	ACTIVO	CpAniosServ	1	ASIGNACION
1401	BONO VACACIONAL	ACTIVO	MtoVacac	2	ASIGNACION
8001	AGUINALDOS	ACTIVO	MtoAguinaldo	3	ASIGNACION
8003	CESTATICKET PARA ALIMENTACION	ACTIVO	MtoTxtCstaTicket	5	ASIGNACION
8011	BONO NAVIDEÑO	ACTIVO	MtoCplto1	6	ASIGNACION
8010	BONO POR JUGUETE	ACTIVO	MtoCplto2	6	ASIGNACION
8019	SEMANA ADICIONAL	ACTIVO	MtoCplto2	6	ASIGNACION
20001	DEDUCCION DEL  I.V.S.S.	ACTIVO	DeducIVSS	1	DEDUCCION
20002	DEDUCCION DEL FDO. CONTRIBUTIVO DEL R.P.E.	ACTIVO	DeducPIE	1	DEDUCCION
20003	DEDUCCION DEL F.A.O.V.	ACTIVO	DeducFAOV	1	DEDUCCION
20004	DEDUCCION DEL F.P.J.	ACTIVO	DeducSdoNormalFJub	1	DEDUCCION
29001	DEDUCCION CJA. AHORRO CAPUREPANZ	ACTIVO	DeducCapurepanz	1	DEDUCCION
29002	DEDUCCION CJA. AHORRO CAFUEOPANZ	ACTIVO	DeducCapurepanz	1	DEDUCCION
29003	DEDUCCION CJA. AHORRO  CAPPOETGA	ACTIVO	DeducCappoetga	1	DEDUCCION
29004	DEDUCCION CJA. AHORRO CAPSTEA	ACTIVO	DeducCapstea	1	DEDUCCION
29102	DEDUCCION SINDICATO SUGREGANZ	ACTIVO	DeducSugreganz	1	DEDUCCION
29103	DEDUCCION SINDICATO UREPANZ	ACTIVO	DeducUrepanz	1	DEDUCCION
\.


--
-- Data for Name: concepto_tipotrabajador; Type: TABLE DATA; Schema: public; Owner: postgres
--

COPY public.concepto_tipotrabajador (id, tipo_trabajador_id, codigo) FROM stdin;
\.


--
-- Data for Name: control_vacaciones; Type: TABLE DATA; Schema: public; Owner: postgres
--

COPY public.control_vacaciones (id, "año", dias_acumulados, dias_tomados, dias_pendientes, ultima_actualizacion, empleado_id) FROM stdin;
78	2023	15	0	15	2025-06-14 23:59:08.586348-04	30752547
79	2024	16	0	16	2025-06-14 23:59:08.589065-04	30752547
80	2025	17	0	17	2025-06-14 23:59:08.59106-04	30752547
77	2025	16	16	0	2025-06-15 00:48:03.699334-04	30480815
76	2024	15	15	0	2025-06-15 02:08:29.24613-04	30480815
\.


--
-- Data for Name: cuentas_bancarias; Type: TABLE DATA; Schema: public; Owner: postgres
--

COPY public.cuentas_bancarias (id, tipo, numero_cuenta, activa, banco_id, empleado_id) FROM stdin;
2	C	01020655350000338727	t	0102	30752547
12	C	1111111111111112	t	0102	12818294
17	C	3443213	t	0102	12470436
\.


--
-- Data for Name: detalle_arc; Type: TABLE DATA; Schema: public; Owner: postgres
--

COPY public.detalle_arc (id, mes, monto_bruto, porcentaje_retencion, islr_retenido, monto_neto, monto_declarar, especificacion, arc_id) FROM stdin;
\.


--
-- Data for Name: detalle_nomina; Type: TABLE DATA; Schema: public; Owner: postgres
--

COPY public.detalle_nomina (id, monto, cedula_id, codigo_id, nomina_id) FROM stdin;
1701	60.67	30480815	1001	232
1702	6.00	30480815	1101	232
1703	9.10	30480815	1102	232
1704	0.61	30480815	1103	232
1705	6.07	30480815	1104	232
1706	12258.84	30480815	8003	232
1707	-2.43	30480815	20001	232
1708	-0.30	30480815	20002	232
1709	-0.61	30480815	20003	232
1710	-0.30	30480815	20004	232
1711	6.00	12470436	1101	232
1712	17.33	30752547	1001	232
1713	0.52	30752547	1103	232
1714	1.73	30752547	1104	232
1715	3269.02	30752547	8003	232
1716	-0.69	30752547	20001	232
1717	-0.09	30752547	20002	232
1718	-0.17	30752547	20003	232
1719	-0.09	30752547	20004	232
1720	12258.84	30480815	8003	233
1721	-2.43	30480815	20001	233
1722	-0.30	30480815	20002	233
1723	-0.61	30480815	20003	233
1724	-0.30	30480815	20004	233
1725	3269.02	30752547	8003	233
1726	-0.69	30752547	20001	233
1727	-0.09	30752547	20002	233
1728	-0.17	30752547	20003	233
1729	-0.09	30752547	20004	233
1730	12258.84	30480815	8003	234
1731	-2.43	30480815	20001	234
1732	-0.30	30480815	20002	234
1733	-0.61	30480815	20003	234
1734	-0.30	30480815	20004	234
1735	3269.02	30752547	8003	234
1736	-0.69	30752547	20001	234
1737	-0.09	30752547	20002	234
1738	-0.17	30752547	20003	234
1739	-0.09	30752547	20004	234
\.


--
-- Data for Name: detalle_prenomina; Type: TABLE DATA; Schema: public; Owner: postgres
--

COPY public.detalle_prenomina (id, total_monto, codigo_id, prenomina_id) FROM stdin;
988	78.00	1001	124
989	12.00	1101	124
990	9.10	1102	124
991	1.13	1103	124
992	7.80	1104	124
993	-3.12	20001	124
994	-0.39	20002	124
995	-0.78	20003	124
996	-0.39	20004	124
997	15527.86	8003	124
998	-3.12	20001	125
999	-0.39	20002	125
1000	-0.78	20003	125
1001	-0.39	20004	125
1002	15527.86	8003	125
1003	-3.12	20001	126
1004	-0.39	20002	126
1005	-0.78	20003	126
1006	-0.39	20004	126
1007	15527.86	8003	126
\.


--
-- Data for Name: detalle_recibo; Type: TABLE DATA; Schema: public; Owner: postgres
--

COPY public.detalle_recibo (id, detalle_nomina_id, recibo_id) FROM stdin;
1521	1701	470
1522	1702	470
1523	1703	470
1524	1704	470
1525	1705	470
1526	1706	470
1527	1707	470
1528	1708	470
1529	1709	470
1530	1710	470
1531	1711	471
1532	1712	472
1533	1713	472
1534	1714	472
1535	1715	472
1536	1716	472
1537	1717	472
1538	1718	472
1539	1719	472
1540	1720	473
1541	1721	473
1542	1722	473
1543	1723	473
1544	1724	473
1545	1725	474
1546	1726	474
1547	1727	474
1548	1728	474
1549	1729	474
1550	1730	475
1551	1731	475
1552	1732	475
1553	1733	475
1554	1734	475
1555	1735	476
1556	1736	476
1557	1737	476
1558	1738	476
1559	1739	476
\.


--
-- Data for Name: django_admin_log; Type: TABLE DATA; Schema: public; Owner: postgres
--

COPY public.django_admin_log (id, action_time, object_id, object_repr, action_flag, change_message, content_type_id, user_id) FROM stdin;
\.


--
-- Data for Name: django_content_type; Type: TABLE DATA; Schema: public; Owner: postgres
--

COPY public.django_content_type (id, app_label, model) FROM stdin;
1	admin	logentry
2	auth	permission
3	auth	group
4	auth	user
5	contenttypes	contenttype
6	sessions	session
7	login	rol
8	login	empleado
9	login	pregunta_seguridad
10	login	usuario
11	login	usuario_pregunta
12	login	usuario_rol
14	login	tipo_nomina
13	login	meses
15	login	secuencia
16	login	concepto_pago
17	login	concepto_tipotrabajador
18	login	tipo_trabajador
19	login	tipo_pago
20	login	mes_aplicacionconcepto
21	login	nomina
22	login	recibo_pago
23	login	detalle_nomina
24	login	detalle_recibo
25	login	banco
26	login	cargo
27	login	nivel_cargo
28	login	familia_cargo
29	login	cuenta_bancaria
30	login	detalle_prenomina
31	login	prenomina
32	login	permiso
33	login	rol_permiso
34	login	rol_permisos
35	login	nivel_salarial
36	login	asistencias
37	login	justificacion
38	login	licencia
39	login	permiso_asistencias
40	login	registro_vacaciones
41	login	control_vacaciones
42	login	hijo
43	login	arc
44	login	detallearc
\.


--
-- Data for Name: django_migrations; Type: TABLE DATA; Schema: public; Owner: postgres
--

COPY public.django_migrations (id, app, name, applied) FROM stdin;
1	contenttypes	0001_initial	2025-04-03 00:59:04.799786-04
2	auth	0001_initial	2025-04-03 00:59:04.886434-04
3	admin	0001_initial	2025-04-03 00:59:04.921975-04
4	admin	0002_logentry_remove_auto_add	2025-04-03 00:59:04.928956-04
5	admin	0003_logentry_add_action_flag_choices	2025-04-03 00:59:04.936906-04
6	contenttypes	0002_remove_content_type_name	2025-04-03 00:59:04.955013-04
7	auth	0002_alter_permission_name_max_length	2025-04-03 00:59:04.962991-04
8	auth	0003_alter_user_email_max_length	2025-04-03 00:59:04.970006-04
9	auth	0004_alter_user_username_opts	2025-04-03 00:59:04.978013-04
10	auth	0005_alter_user_last_login_null	2025-04-03 00:59:04.985775-04
11	auth	0006_require_contenttypes_0002	2025-04-03 00:59:04.988768-04
12	auth	0007_alter_validators_add_error_messages	2025-04-03 00:59:04.995761-04
13	auth	0008_alter_user_username_max_length	2025-04-03 00:59:05.008681-04
14	auth	0009_alter_user_last_name_max_length	2025-04-03 00:59:05.016691-04
15	auth	0010_alter_group_name_max_length	2025-04-03 00:59:05.028356-04
16	auth	0011_update_proxy_permissions	2025-04-03 00:59:05.034655-04
17	auth	0012_alter_user_first_name_max_length	2025-04-03 00:59:05.043314-04
18	login	0001_initial	2025-04-03 00:59:05.055726-04
19	sessions	0001_initial	2025-04-03 00:59:05.066521-04
20	login	0002_initial	2025-04-05 09:51:07.951229-04
21	login	0003_remove_usuario_codigo_rol_usuario_rol	2025-04-05 14:22:37.916542-04
22	login	0004_auto_20250405_1657	2025-04-05 16:58:09.372198-04
23	login	0005_auto_20250407_0207	2025-04-07 02:07:15.229467-04
24	login	0005_empleado_tipo_identificacion	2025-04-07 22:20:44.423938-04
25	login	0006_alter_usuario_pregunta_usuario	2025-04-13 20:45:26.020686-04
26	login	0007_alter_rol_codigo_rol	2025-04-13 21:35:46.908535-04
27	login	0008_alter_usuario_pregunta_pregunta	2025-05-08 10:52:07.302778-04
28	login	0009_meses_año_tiponomina	2025-05-10 20:49:15.604978-04
29	login	0010_rename_tiponomina_tipo_nomina	2025-05-10 21:11:41.062127-04
30	login	0011_rename_meses_año_meses_alter_meses_table	2025-05-11 12:57:22.999616-04
31	login	0012_secuencia	2025-05-11 13:47:24.450716-04
32	login	0013_concepto_pago_tipo_pago_tipo_trabajador_and_more	2025-05-12 23:44:29.626519-04
33	login	0014_alter_concepto_pago_table_and_more	2025-05-13 00:03:10.37916-04
34	login	0015_alter_concepto_pago_id_conceptopago_nomina	2025-05-13 22:31:16.61202-04
35	login	0016_recibopago	2025-05-14 00:38:04.251083-04
36	login	0017_recibo_pago_delete_recibopago	2025-05-14 00:38:04.359464-04
37	login	0018_alter_recibo_pago_options_and_more	2025-05-15 03:32:48.146606-04
38	login	0019_tipo_pago_abreviatura_excel_tipopago	2025-05-17 12:30:22.270114-04
39	login	0020_concepto_pago_tipo_concepto	2025-05-17 21:48:26.495662-04
40	login	0021_banco_cargo_nivel_cargo_alter_empleado_options_and_more	2025-05-19 09:06:23.229565-04
41	login	0022_alter_empleado_cedula	2025-05-19 09:32:00.179473-04
42	login	0023_remove_empleado_nss	2025-05-19 13:33:34.076336-04
43	login	0024_alter_familia_cargo_codigo_familiacargo	2025-05-19 14:01:06.968808-04
44	login	0025_alter_nivel_cargo_nivel	2025-05-19 14:52:24.627082-04
45	login	0026_remove_recibo_pago_pdf	2025-05-19 17:55:34.209139-04
46	login	0027_remove_detalle_nomina_pdf	2025-05-19 17:59:02.22126-04
47	login	0028_alter_detalle_recibo_detalle_nomina	2025-05-19 18:12:49.247667-04
48	login	0029_alter_detalle_recibo_recibo_and_more	2025-05-19 18:48:08.620537-04
49	login	0030_alter_recibo_pago_options	2025-05-20 21:39:22.364241-04
50	login	0031_prenomina_detalle_prenomina	2025-05-21 23:03:19.716921-04
51	login	0032_remove_concepto_tipotrabajador_codigo_and_more	2025-05-24 14:04:51.314562-04
52	login	0033_permiso_rol_permisos	2025-05-29 15:07:34.031566-04
53	login	0034_rol_permisos_fecha_asignacion	2025-05-29 15:10:09.500433-04
54	login	0035_usuario_rol_delete_usuario_rol	2025-05-30 00:36:50.149529-04
55	login	0036_alter_cuenta_bancaria_numero_cuenta_and_more	2025-06-05 11:13:45.610911-04
56	login	0037_usuario_activo	2025-06-08 17:32:51.401462-04
57	login	0038_nivel_salarial	2025-06-11 11:21:24.401239-04
58	login	0039_alter_nivel_salarial_grado	2025-06-11 11:42:29.405712-04
59	login	0040_empleado_nivel_salarial	2025-06-11 11:51:23.17734-04
60	login	0041_asistencias_justificacion	2025-06-11 16:09:54.653454-04
61	login	0042_rename_asistencia_justificacion_asistencias	2025-06-11 16:09:54.694446-04
62	login	0043_licencia_permiso_asistencias_registro_vacaciones	2025-06-11 17:48:36.652987-04
63	login	0044_remove_asistencias_horas_trabajadas_and_more	2025-06-11 20:00:10.008993-04
64	login	0045_alter_asistencias_options_alter_asistencias_table	2025-06-11 20:20:02.733345-04
65	login	0046_remove_justificacion_aprobado	2025-06-12 00:28:10.794973-04
66	login	0047_alter_permiso_asistencias_options_and_more	2025-06-13 11:02:13.293477-04
67	login	0048_alter_permiso_asistencias_table	2025-06-13 13:55:29.023486-04
68	login	0049_alter_control_vacaciones_table_and_more	2025-06-13 13:57:33.320515-04
69	login	0050_rename_aprobado_por_permiso_asistencias_hecho_por	2025-06-13 15:07:08.367738-04
70	login	0051_remove_permiso_asistencias_hecho_por	2025-06-14 07:50:11.330822-04
71	login	0052_alter_control_vacaciones_empleado	2025-06-14 09:46:54.431535-04
72	login	0053_alter_registro_vacaciones_control	2025-06-14 13:36:03.97011-04
73	login	0054_hijo	2025-06-15 19:34:11.196297-04
74	login	0055_alter_hijo_table	2025-06-15 21:18:54.628001-04
75	login	0056_alter_empleado_grado_instruccion	2025-06-16 01:10:40.870266-04
76	login	0057_arc_detallearc	2025-06-16 04:09:13.238305-04
\.


--
-- Data for Name: django_session; Type: TABLE DATA; Schema: public; Owner: postgres
--

COPY public.django_session (session_key, session_data, expire_date) FROM stdin;
037rx8nk86lmvnzsrqi7f560qarm3v2j	eyJfc2Vzc2lvbl9leHBpcnkiOjM2MDB9:1u4mxW:ryT_SyCptCGdN3kKm6d9KpwGap5DRlPvK7V-cxPPOks	2025-04-15 17:32:42.450757-04
ha2kbir63lg3hv2emofcj4t3b1qsppgt	.eJxtkLtOAzEQRX8lcksS2d5HhCsKJCQKSioka9idtUYa24u9RoQo_44XUEhBfc698zgJ9DMjjNEOOBYGYYS-7VSn1UFs_yCFKQpzEnMij8mG6F8TVvcxJod8zNXN6Eqo6oXdI2-egRkr_M3BjMw01irxUIDeCiUCfxW-Ep4gvQN-VrgQBrQlF0hUyQSc8bwVIywx24SO8pK-t0MPxDXqLt0h_LTcuRXth7gOG2JYEmR8KVJOaj1Z6aZdwT8vKLyQj5ajo7ASqbudbHdKb7Q2zcE0at_2ve7kjZRGSlEXsxlzphgsfsyUjsI0vZTnL-nwd_k:1u3jTf:ws40pzyG4cntaMpyAoT0BydOLC6yyYlp1QAUBIuu3O0	2025-04-12 19:37:31.469184-04
be36l7tp63olcb5ibevgeiankng0cb6i	.eJwly00KgCAQQOG7zDpCsT9cdRMZUmJA0xwGiujuFa2_9y4QFqyUHXmwemwgJKQIFnDz9RReBWkXqpRwXj9ql5zgy0oM6P8PjOomNen-BceBmfLmwlGonmDNoNT9AG4cIzg:1u9YMd:7CdDL5Xl9BHIucJVDcbKU1HuJocATQvnM7ZdzKkA25s	2025-04-28 20:58:19.10633-04
ho1o3vl7pzxeaflpyw1avfyj2e74gt9t	.eJwVy80KgzAQBOBXKXutyiYxijn1QQph0VQWNGnzU9qK716Fucx8zAYT5ZBsdDOnHAOYDdxKvICBuRC_Ckcm7ym-yf1u80nNGFaoYAw-R0ruXhAfgo6DkKo9wU1lObsctNBS9MdWlsxrsEuY2Z-CUtfY1kJdRG-OtEPTqk5qfUU0iLBXYJNLiYO37vPk-AWjOsT9D1u8Nsk:1u40xp:AKMOkg0DKchh4CNJxWxGGsAGKw7ggZwtkuckzXzyZrY	2025-04-13 14:17:49.438842-04
qy1skjrk580fh1b758e74ne9zzfwohax	.eJwly00KgCAQQOG7zDpCsT9cdRMZUmJA0xwGiujuFa2_9y4QFqyUHXmwemwgJKQIFnDz9RReBWkXqpRwXj9ql5zgy0oM6P8PjOomNen-BceBmfLmwlGonmDNoNT9AG4cIzg:1u9ZRL:XvAYd0hMvPY2V0Uv-mELlmtWzvy_M4k5FJFcwVcF2y0	2025-04-28 22:07:15.96894-04
3di1lsws0ereo1zryry1gmcfl1he5thk	.eJwly00KgCAQQOG7zDpCsT9cdRMZUmJA0xwGiujuFa2_9y4QFqyUHXmwemwgJKQIFnDz9RReBWkXqpRwXj9ql5zgy0oM6P8PjOomNen-BceBmfLmwlGonmDNoNT9AG4cIzg:1u9aNc:H-_6WDnHw1H5yA8OdolqNcOOL38wtepmrJH3CnVV9KA	2025-04-28 23:07:28.474871-04
ua0bvmwb3e5feijqgtpek7gtw84kvgma	.eJwVy8sOgjAQheFXMbMVyLRQka58EJOmgdpMUlrtxaiEd5cuz__lbLDoHJKKxlLKMYDcwKyaHEiwRdOrUCTtvY5vbX43W6mbwwoNzMHnqJO5F8QH08eB8X6oYJbi6uaTYIKz8WjFZVqDcsGSr4JctDi0rD9xlGKQOHYTCmTXM6JEhL0BlUxKFLwynyfFL8j-grj_AVmkNrw:1u44L9:uRHBNQagWbxfj2vOz8O_RldynJE527GGj2XuT75vP8E	2025-04-13 17:54:07.908011-04
w67ffjsi93cstnuz3qljwi647nkestdp	.eJwly00KgCAQQOG7zDpCsT9cdRMZUmJA0xwGiujuFa2_9y4QFqyUHXmwemwgJKQIFnDz9RReBWkXqpRwXj9ql5zgy0oM6P8PjOomNen-BceBmfLmwlGonmDNoNT9AG4cIzg:1u9bPs:E8Kwpg7w-QkKJLTMCkG0Lj7bA2vkx-szPca0RTIy0RA	2025-04-29 00:13:52.548743-04
sw8sr6ul4wz5hucz1riunqff4p5x7s9w	.eJwly00KgCAQQOG7zDpCsT9cdRMZUmJA0xwGiujuFa2_9y4QFqyUHXmwemwgJKQIFnDz9RReBWkXqpRwXj9ql5zgy0oM6P8PjOomNen-BceBmfLmwlGonmDNoNT9AG4cIzg:1u9isi:op5TDZrbLbFlpNz6dDW88yL5mRkSzPIMWi8g74zIRbk	2025-04-29 08:12:08.096599-04
7tgtt8f4ovz1cx7oeoegqsqzaw9uhndk	.eJwly00KgCAQQOG7zDpCsT9cdRMZUmJA0xwGiujuFa2_9y4QFqyUHXmwemwgJKQIFnDz9RReBWkXqpRwXj9ql5zgy0oM6P8PjOomNen-BceBmfLmwlGonmDNoNT9AG4cIzg:1u9wmy:cYW396YXqwvHjk__DiKmskv_2oajQrTHQvNlszV7u6U	2025-04-29 23:03:08.5499-04
cmn01jl67jfypmvkly339lviwmrwbmj5	.eJwly00KgCAQQOG7zDpCsT9cdRMZUmJA0xwGiujuFa2_9y4QFqyUHXmwemwgJKQIFnDz9RReBWkXqpRwXj9ql5zgy0oM6P8PjOomNen-BceBmfLmwlGonmDNoNT9AG4cIzg:1u9xnE:Iixvf-oVNNogwhRQnsQK7AxM6xcPXKP4h1MqOlc1pYg	2025-04-30 00:07:28.877029-04
umabhda68ad5xn7fyn7bvb5epfvs2xf7	.eJwly00KgCAQQOG7zDpCsT9cdRMZUmJA0xwGiujuFa2_9y4QFqyUHXmwemwgJKQIFnDz9RReBWkXqpRwXj9ql5zgy0oM6P8PjOomNen-BceBmfLmwlGonmDNoNT9AG4cIzg:1u9zIO:lItDFgiGpDVPtPFxx8VliTYQ2sXYWFzW-ykZEi7j8l8	2025-04-30 01:43:44.255979-04
zu9nt0vvdl8njiguo959uep95dksbvvz	.eJwly00KgCAQQOG7zDpCsT9cdRMZUmJA0xwGiujuFa2_9y4QFqyUHXmwemwgJKQIFnDz9RReBWkXqpRwXj9ql5zgy0oM6P8PjOomNen-BceBmfLmwlGonmDNoNT9AG4cIzg:1uAKlZ:MnHLmiGUCOsyga6l7vS-zDoXgh2aYdkMdNNBR6-XITI	2025-05-01 00:39:17.272355-04
dcsnyfu5zbcsvpojs7ezlb19083v2be9	.eJwly00KgCAQQOG7zDpCsT9cdRMZUmJA0xwGiujuFa2_9y4QFqyUHXmwemwgJKQIFnDz9RReBWkXqpRwXj9ql5zgy0oM6P8PjOomNen-BceBmfLmwlGonmDNoNT9AG4cIzg:1uAMyt:yrPv06OySmdtA72-2aP_306CgBSLUxDhPbXv1Wq1nf4	2025-05-01 03:01:11.930512-04
2iesb7i5fat5otn7fk6a7lcwbz6y7ua0	.eJwly00KgCAQQOG7zDpCsT9cdRMZUmJA0xwGiujuFa2_9y4QFqyUHXmwemwgJKQIFnDz9RReBWkXqpRwXj9ql5zgy0oM6P8PjOomNen-BceBmfLmwlGonmDNoNT9AG4cIzg:1uATOx:57MtgXVNy56ZMY7YEHX8Y903sERAihj612Htk9RKYVg	2025-05-01 09:52:31.325983-04
kc8l4w8agcu8o6zlafbuw4086vx2cil0	.eJwly00KgCAQQOG7zDpCsT9cdRMZUmJA0xwGiujuFa2_9y4QFqyUHXmwemwgJKQIFnDz9RReBWkXqpRwXj9ql5zgy0oM6P8PjOomNen-BceBmfLmwlGonmDNoNT9AG4cIzg:1uAW1i:iBIlB2cDbdcPhmr2dwmQSwgjWI_sBwC9xKYuI_gX-50	2025-05-01 12:40:42.428796-04
yhfwjzxh6wm6ytc0s36pfz8k9c3ubk06	.eJwly00KgCAQQOG7zDpCsT9cdRMZUmJA0xwGiujuFa2_9y4QFqyUHXmwemwgJKQIFnDz9RReBWkXqpRwXj9ql5zgy0oM6P8PjOomNen-BceBmfLmwlGonmDNoNT9AG4cIzg:1uAY55:IKjyx4B1HpavqzwhHR-CLPtSGC9hohJ142fKTvSTQQc	2025-05-01 14:52:19.99321-04
jg6psvsby2472vvzbc56c9lnaokmw7lp	.eJwly00KgCAQQOG7zDpCsT9cdRMZUmJA0xwGiujuFa2_9y4QFqyUHXmwemwgJKQIFnDz9RReBWkXqpRwXj9ql5zgy0oM6P8PjOomNen-BceBmfLmwlGonmDNoNT9AG4cIzg:1uAZ1n:K7fTr_5AvIVjPViG1_nLFwdpFGwcIv2-OeHNlFMZwW4	2025-05-01 15:52:59.942169-04
rn25fqdadefw6z1574nay1n76fxh5s8s	.eJwly00KgCAQQOG7zDpCsT9cdRMZUmJA0xwGiujuFa2_9y4QFqyUHXmwemwgJKQIFnDz9RReBWkXqpRwXj9ql5zgy0oM6P8PjOomNen-BceBmfLmwlGonmDNoNT9AG4cIzg:1uAa72:GrRbj4SBCFDcDSCuWpsAUdIKM9LVNoATxgY4urXswqo	2025-05-01 17:02:28.55722-04
mdxnwcu3xq22a6txr9adpdgocs6adoaj	.eJwly00KgCAQQOG7zDpCsT9cdRMZUmJA0xwGiujuFa2_9y4QFqyUHXmwemwgJKQIFnDz9RReBWkXqpRwXj9ql5zgy0oM6P8PjOomNen-BceBmfLmwlGonmDNoNT9AG4cIzg:1u9G7I:tu9oLNzvJg3xAkEP6Gx-XyuR8R4Q_NKVAy6cqstXB2E	2025-04-28 01:29:16.185195-04
7ertir1d0yquhvqfo0mf7ek6sjnr971i	.eJwly00KgCAQQOG7zDpCsT9cdRMZUmJA0xwGiujuFa2_9y4QFqyUHXmwemwgJKQIFnDz9RReBWkXqpRwXj9ql5zgy0oM6P8PjOomNen-BceBmfLmwlGonmDNoNT9AG4cIzg:1uAbSA:edo7w5vGuBAUBO4PdGnrSb_bLtYvhI1A49T-_cGWW30	2025-05-01 18:28:22.24523-04
1csldmppxdkbxgabpl6b5hzx2d8clq6a	.eJwly00KgCAQQOG7zDpCsT9cdRMZUmJA0xwGiujuFa2_9y4QFqyUHXmwemwgJKQIFnDz9RReBWkXqpRwXj9ql5zgy0oM6P8PjOomNen-BceBmfLmwlGonmDNoNT9AG4cIzg:1uAcOe:E3qtaYO3xa-CcdCfL9G2SVgktDAcoIXn6qB5M_uZoz8	2025-05-01 19:28:48.57228-04
xpjmg196g6yeng9hxk5hvp4c1mwvfshb	.eJwly00KgCAQQOG7zDpCsT9cdRMZUmJA0xwGiujuFa2_9y4QFqyUHXmwemwgJKQIFnDz9RReBWkXqpRwXj9ql5zgy0oM6P8PjOomNen-BceBmfLmwlGonmDNoNT9AG4cIzg:1uAh2m:Uu6Ib3vviL7HwpKqP5absYCBWA1sS50FtCvpi_oNbrc	2025-05-02 00:26:32.293164-04
oqavb72s17lk6aeplo4xj0otcftulpsx	eyJfc2Vzc2lvbl9leHBpcnkiOjM2MDB9:1u49iP:OarppUYdA6rAQNtWFHZ4UToqSY9bLoNmzbvsCM1jER8	2025-04-13 23:38:29.465165-04
3s532oy0sfvydo8xjx3k4tekw88ow7ww	.eJwly00KgCAQQOG7zDpCsT9cdRMZUmJA0xwGiujuFa2_9y4QFqyUHXmwemwgJKQIFnDz9RReBWkXqpRwXj9ql5zgy0oM6P8PjOomNen-BceBmfLmwlGonmDNoNT9AG4cIzg:1uAi4y:zjEF-7uHYMY4nbOol7SLeLOC690OOX9SD6WafbuRkZI	2025-05-02 01:32:52.081742-04
572ih7qc7oziufxggh36gfdw13yzbdli	.eJwly00KgCAQQOG7zDpCsT9cdRMZUmJA0xwGiujuFa2_9y4QFqyUHXmwemwgJKQIFnDz9RReBWkXqpRwXj9ql5zgy0oM6P8PjOomNen-BceBmfLmwlGonmDNoNT9AG4cIzg:1uAyye:isSq_aoh-Iqpz8T56gOen4be1BIWWudXJlV8ytZLohs	2025-05-02 19:35:28.454921-04
1krkob95947mddeu30rkhe6b3dg2aga8	eyJfc2Vzc2lvbl9leHBpcnkiOjM2MDB9:1u4Tpe:EspaH9RV9kXefVKHQVE_kUDeXp2buMIbp6Rkwj1Awpo	2025-04-14 21:07:18.205756-04
ckudofscxp18buf86b8kuu75pgz3mqkj	.eJwly00KgCAQQOG7zDpCsT9cdRMZUmJA0xwGiujuFa2_9y4QFqyUHXmwemwgJKQIFnDz9RReBWkXqpRwXj9ql5zgy0oM6P8PjOomNen-BceBmfLmwlGonmDNoNT9AG4cIzg:1u9McN:jfbEWumD1wLC1gM9g3vedJmw5gtJW1wKtSoAahYfOsQ	2025-04-28 08:25:47.194417-04
2p2x7pk3iw8szjrdk1tpk669crc4xg99	.eJwly00KgCAQQOG7zDpCsT9cdRMZUmJA0xwGiujuFa2_9y4QFqyUHXmwemwgJKQIFnDz9RReBWkXqpRwXj9ql5zgy0oM6P8PjOomNen-BceBmfLmwlGonmDNoNT9AG4cIzg:1uB0FA:VQ7tRP0s9fqKj__9YlHDOHX___mI3EXvCxXGMZ1F04c	2025-05-02 20:56:36.406131-04
ro0qezf39jbhbgmeex8or7hx4606oync	eyJfc2Vzc2lvbl9leHBpcnkiOjM2MDB9:1u4VRn:5_IvmCQRpLYx7rXmVvZl-dFvgJe4Okv04oc2SxXctNY	2025-04-14 22:50:47.179255-04
x5nvo5pjd7rh018sc07bjv9vz0lt66c5	eyJfc2Vzc2lvbl9leHBpcnkiOjM2MDB9:1u4Xuw:OiBytfWFD-KakmaNHZatJwIXcHjuRclHY5UrDourVvQ	2025-04-15 01:29:02.695775-04
8mlwqkydts235s7dykmvm90ppcwpky34	.eJwly00KgCAQQOG7zDpCsT9cdRMZUmJA0xwGiujuFa2_9y4QFqyUHXmwemwgJKQIFnDz9RReBWkXqpRwXj9ql5zgy0oM6P8PjOomNen-BceBmfLmwlGonmDNoNT9AG4cIzg:1uB1IP:S0MM8stM_S5en_AOXS7qBNgUoH0hepjzaB77h0qsi_4	2025-05-02 22:04:01.660199-04
p9f1lj5ij90bfx0xmr4orx4juwtwng7r	.eJwly00KgCAQQOG7zDpCsT9cdRMZUmJA0xwGiujuFa2_9y4QFqyUHXmwemwgJKQIFnDz9RReBWkXqpRwXj9ql5zgy0oM6P8PjOomNen-BceBmfLmwlGonmDNoNT9AG4cIzg:1uB2Uk:mIsV8aWc9_hpLJohUvcVOp9q28wbfrix5rqVbZzhMGE	2025-05-02 23:20:50.040339-04
oxt4jf9gduwbgl7u6lwix6kjd31ujkf6	.eJwly00KgCAQQOG7zDpCsT9cdRMZUmJA0xwGiujuFa2_9y4QFqyUHXmwemwgJKQIFnDz9RReBWkXqpRwXj9ql5zgy0oM6P8PjOomNen-BceBmfLmwlGonmDNoNT9AG4cIzg:1uB4oP:SrpARBEpxXQ9rdL-RkRwjkVAy0YjaH6WyuF5U6GUNNU	2025-05-03 01:49:17.129885-04
2kn0grvz7npsiy6d25qwbcjs93uzi4ig	.eJwly00KgCAQQOG7zDpCsT9cdRMZUmJA0xwGiujuFa2_9y4QFqyUHXmwemwgJKQIFnDz9RReBWkXqpRwXj9ql5zgy0oM6P8PjOomNen-BceBmfLmwlGonmDNoNT9AG4cIzg:1uB5m5:nWKdg22GJiFCFvcL1t4Dgj3NV_QsTmX7G_shEKZi1u0	2025-05-03 02:50:57.538493-04
q1cc0owvrwonavzbebuhkek00wuex87s	.eJwly00KgCAQQOG7zDpCsT9cdRMZUmJA0xwGiujuFa2_9y4QFqyUHXmwemwgJKQIFnDz9RReBWkXqpRwXj9ql5zgy0oM6P8PjOomNen-BceBmfLmwlGonmDNoNT9AG4cIzg:1uBCXJ:FkQ5FfmZkOg3iYTsqDPhIKCzoWQCnuiqgLPN5aFnWLU	2025-05-03 10:04:09.658072-04
29kopav8ml94prc3pnbka6z0qlbc9uz0	.eJwly00KgCAQQOG7zDpCsT9cdRMZUmJA0xwGiujuFa2_9y4QFqyUHXmwemwgJKQIFnDz9RReBWkXqpRwXj9ql5zgy0oM6P8PjOomNen-BceBmfLmwlGonmDNoNT9AG4cIzg:1uBEqP:v7wAmmNqqtWjo5WyiiNGPrjqCBgCzkw8N9wUrMddCr8	2025-05-03 12:32:01.640695-04
vubzgtvfpuiau6lbvmknknffprqzpmw1	.eJwly00KgCAQQOG7zDpCsT9cdRMZUmJA0xwGiujuFa2_9y4QFqyUHXmwemwgJKQIFnDz9RReBWkXqpRwXj9ql5zgy0oM6P8PjOomNen-BceBmfLmwlGonmDNoNT9AG4cIzg:1uBFxQ:m3ZYv5cFxQi0TduoooRgDIJMV0ySfAm_dfuaZepCLNQ	2025-05-03 13:43:20.957686-04
yvfvdwiazcsdexqmn1sxtlepzbbbrgr9	.eJwly00KgCAQQOG7zDpCsT9cdRMZUmJA0xwGiujuFa2_9y4QFqyUHXmwemwgJKQIFnDz9RReBWkXqpRwXj9ql5zgy0oM6P8PjOomNen-BceBmfLmwlGonmDNoNT9AG4cIzg:1uBHa0:bY0BWpTj1RbycsDI_C63zSmaCpEo125lSSzM1GWn3kE	2025-05-03 15:27:16.765737-04
2dlylhoaw9ku0ss6dslc2f7e2qd9fwqv	.eJwly00KgCAQQOG7zDpCsT9cdRMZUmJA0xwGiujuFa2_9y4QFqyUHXmwemwgJKQIFnDz9RReBWkXqpRwXj9ql5zgy0oM6P8PjOomNen-BceBmfLmwlGonmDNoNT9AG4cIzg:1uBIWk:jFW95wYmg7v9jRIzBe9g3j-vKojdAgKaPOfvcc-eiq0	2025-05-03 16:27:58.989128-04
2hy9jxhyje9bqihfumo42tayvbw2r2wz	.eJwly00KgCAQQOG7zDpCsT9cdRMZUmJA0xwGiujuFa2_9y4QFqyUHXmwemwgJKQIFnDz9RReBWkXqpRwXj9ql5zgy0oM6P8PjOomNen-BceBmfLmwlGonmDNoNT9AG4cIzg:1uBJU6:EJFk5cC5zMlKff2R-D05o_QOqc8kqnh81JxGIA06tAw	2025-05-03 17:29:18.535588-04
y1385622o4g7x3oxcwz3ac0fypl5gphl	.eJwly00KgCAQQOG7zDpCsT9cdRMZUmJA0xwGiujuFa2_9y4QFqyUHXmwemwgJKQIFnDz9RReBWkXqpRwXj9ql5zgy0oM6P8PjOomNen-BceBmfLmwlGonmDNoNT9AG4cIzg:1uBLTq:2C7bMlYFMsVAP2-69eUWLhm1f1DAEcp5su7b2enODP0	2025-05-03 19:37:10.759141-04
ww80pfxupmutzdttdj97hywpvynqroc7	.eJwly00KgCAQQOG7zDpCsT9cdRMZUmJA0xwGiujuFa2_9y4QFqyUHXmwemwgJKQIFnDz9RReBWkXqpRwXj9ql5zgy0oM6P8PjOomNen-BceBmfLmwlGonmDNoNT9AG4cIzg:1uBMc2:0OsKLWyxvZ3mnWhb6BZ3jl-TCa-kMtRIrJ2COnTwb7Y	2025-05-03 20:49:42.556209-04
2e6txvlhfdch9yv7dgtvo31ds11pbxfv	.eJwly00KgCAQQOG7zDpCsT9cdRMZUmJA0xwGiujuFa2_9y4QFqyUHXmwemwgJKQIFnDz9RReBWkXqpRwXj9ql5zgy0oM6P8PjOomNen-BceBmfLmwlGonmDNoNT9AG4cIzg:1uBNoa:Aq_xqrvKAiWwdFSsW0dVNIgje3vPKQj3nCQvDMUvOQs	2025-05-03 22:06:44.37166-04
g61u9qyyt85ai80hc5qfb8svvygo25ys	.eJwly00KgCAQQOG7zDpCsT9cdRMZUmJA0xwGiujuFa2_9y4QFqyUHXmwemwgJKQIFnDz9RReBWkXqpRwXj9ql5zgy0oM6P8PjOomNen-BceBmfLmwlGonmDNoNT9AG4cIzg:1uBOtH:J17IWOsxg1QOhvwSQNarWgabaQ0RHd6TAh98bXZjudE	2025-05-03 23:15:39.622256-04
5ihanxl35kym2zl6qg6cej0t49idnmf9	.eJwly00KgCAQQOG7zDpCsT9cdRMZUmJA0xwGiujuFa2_9y4QFqyUHXmwemwgJKQIFnDz9RReBWkXqpRwXj9ql5zgy0oM6P8PjOomNen-BceBmfLmwlGonmDNoNT9AG4cIzg:1uBQSO:t9atBCEBEijZAHYJomh2vcp0DGLeWber4RrpWm516tQ	2025-05-04 00:56:00.339158-04
vkvlaat2sa2kxhp9rbs7aah1fj07pxt5	.eJwly00KgCAQQOG7zDpCsT9cdRMZUmJA0xwGiujuFa2_9y4QFqyUHXmwemwgJKQIFnDz9RReBWkXqpRwXj9ql5zgy0oM6P8PjOomNen-BceBmfLmwlGonmDNoNT9AG4cIzg:1uBRbx:WxZH3KFMYj6Q6YkQiXVb5VgHz7ESBqgChoGqcWDTQ-g	2025-05-04 02:09:57.405085-04
ognpj1anvo7agha45kocit3mx7ieegar	.eJwly00KgCAQQOG7zDpCsT9cdRMZUmJA0xwGiujuFa2_9y4QFqyUHXmwemwgJKQIFnDz9RReBWkXqpRwXj9ql5zgy0oM6P8PjOomNen-BceBmfLmwlGonmDNoNT9AG4cIzg:1uBSfA:jJPMzrrxuDqHAau5Z33PPr3LYpFNTsN4GdFw64VTfdw	2025-05-04 03:17:20.341362-04
xxe2bk3wczn71hyjy7s8nme9cz5dk5h7	.eJwly00KgCAQQOG7zDpCsT9cdRMZUmJA0xwGiujuFa2_9y4QFqyUHXmwemwgJKQIFnDz9RReBWkXqpRwXj9ql5zgy0oM6P8PjOomNen-BceBmfLmwlGonmDNoNT9AG4cIzg:1uBaOm:6iREbxofYKOGHFgzK4ETzIIb6wncuoqesljm1IDDUZU	2025-05-04 11:32:56.549336-04
ehc0urapsov5wr2aij2fjwzofkuo5aj2	.eJwly00KgCAQQOG7zDpCsT9cdRMZUmJA0xwGiujuFa2_9y4QFqyUHXmwemwgJKQIFnDz9RReBWkXqpRwXj9ql5zgy0oM6P8PjOomNen-BceBmfLmwlGonmDNoNT9AG4cIzg:1uBcgv:LfNSXfofEWLRj3UTXJmjvua3Y-kKbzz7Om0RcILNwNA	2025-05-04 13:59:49.345287-04
qsmis6ohikg9vdkvuubn207krn9erivh	.eJwly00KgCAQQOG7zDpCsT9cdRMZUmJA0xwGiujuFa2_9y4QFqyUHXmwemwgJKQIFnDz9RReBWkXqpRwXj9ql5zgy0oM6P8PjOomNen-BceBmfLmwlGonmDNoNT9AG4cIzg:1uBdgO:wpg40XWCzOI8Uo_MQg-uT5LyB-CIgy_hGpGTUOZO2UA	2025-05-04 15:03:20.421321-04
hm26uua5e4y51uxt980h78d7hk5ocwfc	.eJwly00KgCAQQOG7zDpCsT9cdRMZUmJA0xwGiujuFa2_9y4QFqyUHXmwemwgJKQIFnDz9RReBWkXqpRwXj9ql5zgy0oM6P8PjOomNen-BceBmfLmwlGonmDNoNT9AG4cIzg:1uBf6J:KKc0vXjLiF4tE2c4zsyHLwwmXX3RxV57iWssfhpl_bE	2025-05-04 16:34:11.528068-04
mja97l7acbn586f0uls2jwlvo8st1z8y	.eJwly00KgCAQQOG7zDpCsT9cdRMZUmJA0xwGiujuFa2_9y4QFqyUHXmwemwgJKQIFnDz9RReBWkXqpRwXj9ql5zgy0oM6P8PjOomNen-BceBmfLmwlGonmDNoNT9AG4cIzg:1uBj2i:7sG9nii6SrZwCSXy6Xw4AgaxTOJZmcv7U8cidHM04CY	2025-05-04 20:46:44.888786-04
23bwsh6g3nzoxmr30rf3sxjanssoou3h	.eJwly00KgCAQQOG7zDpCsT9cdRMZUmJA0xwGiujuFa2_9y4QFqyUHXmwemwgJKQIFnDz9RReBWkXqpRwXj9ql5zgy0oM6P8PjOomNen-BceBmfLmwlGonmDNoNT9AG4cIzg:1uBk03:psvknp2ITvKjBVyH_XfhzmLsaOk3RtPEdf96AW8Nsfg	2025-05-04 21:48:03.543626-04
9yq2persmx49rjmbzzpdzd5q9ulxeh0x	.eJwly00KgCAQQOG7zDpCsT9cdRMZUmJA0xwGiujuFa2_9y4QFqyUHXmwemwgJKQIFnDz9RReBWkXqpRwXj9ql5zgy0oM6P8PjOomNen-BceBmfLmwlGonmDNoNT9AG4cIzg:1uBlWU:FH_FOogtRBx-ri4sqPkWHszb5RZJ-BK_TAy990e73e4	2025-05-04 23:25:38.713259-04
3db7lyrrnzq6fr5fy1klp0v9nw9kr915	.eJwly00KgCAQQOG7zDpCsT9cdRMZUmJA0xwGiujuFa2_9y4QFqyUHXmwemwgJKQIFnDz9RReBWkXqpRwXj9ql5zgy0oM6P8PjOomNen-BceBmfLmwlGonmDNoNT9AG4cIzg:1uBn19:gh56nbt3f-dBtKxXsp8pcQOgJSyS4YyHLhZUt-3zqCw	2025-05-05 01:01:23.743311-04
9n2jg18q8kvxt8iygt8msf6t05dtqxlq	.eJwly00KgCAQQOG7zDpCsT9cdRMZUmJA0xwGiujuFa2_9y4QFqyUHXmwemwgJKQIFnDz9RReBWkXqpRwXj9ql5zgy0oM6P8PjOomNen-BceBmfLmwlGonmDNoNT9AG4cIzg:1uC4JD:HdrDYrkJBpdi-0YUd99ZZou0hN--mNE1e4ZivVnAEsU	2025-05-05 19:29:11.42508-04
8sx3g5wgywjjkr42ma02t9fj2qb7bu2e	.eJwly00KgCAQQOG7zDpCsT9cdRMZUmJA0xwGiujuFa2_9y4QFqyUHXmwemwgJKQIFnDz9RReBWkXqpRwXj9ql5zgy0oM6P8PjOomNen-BceBmfLmwlGonmDNoNT9AG4cIzg:1uC5lB:Rdni1lWp5HvvZv-v1XeZFYViYNN83CU2HOJlO3PtinA	2025-05-05 21:02:09.161277-04
7ocz0o0gx5yu46nrky4x26zdtaulawzi	.eJwly00KgCAQQOG7zDpCsT9cdRMZUmJA0xwGiujuFa2_9y4QFqyUHXmwemwgJKQIFnDz9RReBWkXqpRwXj9ql5zgy0oM6P8PjOomNen-BceBmfLmwlGonmDNoNT9AG4cIzg:1uCTUk:YbgEWnpxmdLm-cZb_eNo69voY9Cb6wgoTnt9CgJiMX8	2025-05-06 22:22:46.597166-04
l8kqpozaoae2bjtn1vcb2xorq55xy2me	.eJwly00KgCAQQOG7zDpCsT9cdRMZUmJA0xwGiujuFa2_9y4QFqyUHXmwemwgJKQIFnDz9RReBWkXqpRwXj9ql5zgy0oM6P8PjOomNen-BceBmfLmwlGonmDNoNT9AG4cIzg:1uCUpo:2JHgk2MyGYPvc8Xc2PWXG9jUmP-eMMj_SqruPXKU_X4	2025-05-06 23:48:36.241122-04
70mukuzyxzxa32d6rlx9apgiudkzmn5t	.eJwly00KgCAQQOG7zDpCsT9cdRMZUmJA0xwGiujuFa2_9y4QFqyUHXmwemwgJKQIFnDz9RReBWkXqpRwXj9ql5zgy0oM6P8PjOomNen-BceBmfLmwlGonmDNoNT9AG4cIzg:1uCW0g:TiRYn9B9ZQ2XxEd1C_03wRsU15xXRtEUFq-fEoQOVCY	2025-05-07 01:03:54.772504-04
uk08oyxg9z4cncll1b4nva8c0bdud7rb	.eJwly00KgCAQQOG7zDpCsT9cdRMZUmJA0xwGiujuFa2_9y4QFqyUHXmwemwgJKQIFnDz9RReBWkXqpRwXj9ql5zgy0oM6P8PjOomNen-BceBmfLmwlGonmDNoNT9AG4cIzg:1uCqp4:1x0BDFPEqEhF7Xx5sYeQBerfjba8E-W_2mAX5rjpAS8	2025-05-07 23:17:18.974393-04
s8coc2ge7qkb0yid31mm4xkz8biutd4r	.eJwly00KgCAQQOG7zDpCsT9cdRMZUmJA0xwGiujuFa2_9y4QFqyUHXmwemwgJKQIFnDz9RReBWkXqpRwXj9ql5zgy0oM6P8PjOomNen-BceBmfLmwlGonmDNoNT9AG4cIzg:1uCs9b:Kh87Ov7fuaXUiaLKGUUvUgmVYxD99DlF7ZDiXKQJwZE	2025-05-08 00:42:35.088665-04
whqyg2n7h30bcfvmq2akm6a2w4f4oj6i	.eJwly00KgCAQQOG7zFrCfpFW3USGFBnQLIeBIrp7SevvvRuEBQtlSw7mrlXgE1KEGXBz5RIOgnQIFUq4hErNmhPUbI8e3f_1ejDatKMCy56Z8mb9uVO5Ppq0fl4w7yLv:1uHo77:wM_EigImxd-dpUGXa896FBfe-Gbb-VZG3mnV1Vdpb8s	2025-05-21 15:24:25.483016-04
6etjwotjpz6d1uuhjemf3ygl195kfn99	.eJwly00KgCAQQOG7zFrCfpFW3USGFBnQLIeBIrp7SevvvRuEBQtlSw7mrlXgE1KEGXBz5RIOgnQIFUq4hErNmhPUbI8e3f_1ejDatKMCy56Z8mb9uVO5Ppq0fl4w7yLv:1uHtop:-MBoXqRrpDnRKwD809v_ZGdsMIBWv4hJV2oul48F_4E	2025-05-21 21:29:55.459971-04
gzdsglnrglyif7yc3x1hjp1ist01lbtc	.eJwli1EKgCAQBe_yviNEodCvbiJLLbGgKYpRRHev6HNmmAu-cq2SNs9HlnLCmUGpDq02KpK8LHD6ZY4kAQ7xtcQ7B6Fp_Vw_p4iv58C0_AO0Ha3R44D7AWj6IB4:1uD2gC:ql7pGiABTlYcdftXCAxvJIpCuW1V-HHJGVUowKnlOA0	2025-05-08 11:56:56.660645-04
uvi85yr6igb7sr2yzsz84emdsxwsed5x	.eJwly00KgCAQQOG7zDpCsT9cdRMZUmJA0xwGiujuFa2_9y4QFqyUHXmwemwgJKQIFnDz9RReBWkXqpRwXj9ql5zgy0oM6P8PjOomNen-BceBmfLmwlGonmDNoNT9AG4cIzg:1uD6xf:sZDkwHvWvc54lFbNAsNQhPB_R7NviKoOXF9cErZTlMY	2025-05-08 16:31:15.043935-04
1qkcuyha10e0oqeaxs85r7kka78ro8wz	.eJwly00KgCAQQOG7zDpCsT9cdRMZUmJA0xwGiujuFa2_9y4QFqyUHXmwemwgJKQIFnDz9RReBWkXqpRwXj9ql5zgy0oM6P8PjOomNen-BceBmfLmwlGonmDNoNT9AG4cIzg:1uD7zg:6HUOvVuuOru-xWpTsC0ITPyLJ5YN9nZGkFaNbik4PCA	2025-05-08 17:37:24.825453-04
5z5rjwnivmfd6yzojjomacpuspt4gbrx	.eJwly00KgCAQQOG7zDpCsT9cdRMZUmJA0xwGiujuFa2_9y4QFqyUHXmwemwgJKQIFnDz9RReBWkXqpRwXj9ql5zgy0oM6P8PjOomNen-BceBmfLmwlGonmDNoNT9AG4cIzg:1uDVTl:fxKw0VTFsDlUPoEYfvAetILry7A9WBNVCYapqbA8tak	2025-05-09 18:42:01.33111-04
6o6fu6ak6vvddzkyuzuzn0gy2sv8v97c	.eJwly00KgCAQQOG7zDpCsT9cdRMZUmJA0xwGiujuFa2_9y4QFqyUHXmwemwgJKQIFnDz9RReBWkXqpRwXj9ql5zgy0oM6P8PjOomNen-BceBmfLmwlGonmDNoNT9AG4cIzg:1uDWcI:bXqzmq3r-J6tsV6gQyEdv08vofsgJG-TK01BblWwObo	2025-05-09 19:54:54.349834-04
8e3bt1r2xo2tzskv8uo3c5bq7yovrz7k	.eJwly00KgCAQQOG7zDpCsT9cdRMZUmJA0xwGiujuFa2_9y4QFqyUHXmwemwgJKQIFnDz9RReBWkXqpRwXj9ql5zgy0oM6P8PjOomNen-BceBmfLmwlGonmDNoNT9AG4cIzg:1uDY2T:CIixs8tEBIWMkmGteSxOML91jcwu_K2_W1lCs57y6Is	2025-05-09 21:26:01.097337-04
3y7vxf9eo2wymfdnmfenij5btrniy65z	.eJwly00KgCAQQOG7zDpCsT9cdRMZUmJA0xwGiujuFa2_9y4QFqyUHXmwemwgJKQIFnDz9RReBWkXqpRwXj9ql5zgy0oM6P8PjOomNen-BceBmfLmwlGonmDNoNT9AG4cIzg:1uDYzv:Dy9gDk_WM1c33dLWyfB0fLFsSThEzGsotV8nYjh3H-Q	2025-05-09 22:27:27.912696-04
kfkbr1d7o7pwvgt2z93whr8wramr1pc3	.eJwly00KgCAQQOG7zDpCsT9cdRMZUmJA0xwGiujuFa2_9y4QFqyUHXmwemwgJKQIFnDz9RReBWkXqpRwXj9ql5zgy0oM6P8PjOomNen-BceBmfLmwlGonmDNoNT9AG4cIzg:1uDZwR:JvqfCbt0j2Ll7ID8m77Kb70BpjDfS2ONqkaZuUHh898	2025-05-09 23:27:55.101511-04
m89n39jjpeowyukeagdn06wfcfl5vcxe	.eJwly00KgCAQQOG7zDpCsT9cdRMZUmJA0xwGiujuFa2_9y4QFqyUHXmwemwgJKQIFnDz9RReBWkXqpRwXj9ql5zgy0oM6P8PjOomNen-BceBmfLmwlGonmDNoNT9AG4cIzg:1uDbGV:9amnAQiUGckefQNW8ijAoOH1xA99AtoQa_tL_08hULo	2025-05-10 00:52:43.932078-04
z6ylamcrb3untli8jj8nrb07u0ykp85r	.eJwly00KgCAQQOG7zDpCsT9cdRMZUmJA0xwGiujuFa2_9y4QFqyUHXmwemwgJKQIFnDz9RReBWkXqpRwXj9ql5zgy0oM6P8PjOomNen-BceBmfLmwlGonmDNoNT9AG4cIzg:1uDdCD:Vf8J8LdXPHUqIOZe6ZQPyRy4lfsJe-YPJKNqXMJUIVo	2025-05-10 02:56:25.5519-04
7hxd5jbmehjv5s45542h641m20xuliq0	.eJwly00KgCAQQOG7zDpCsT9cdRMZUmJA0xwGiujuFa2_9y4QFqyUHXmwemwgJKQIFnDz9RReBWkXqpRwXj9ql5zgy0oM6P8PjOomNen-BceBmfLmwlGonmDNoNT9AG4cIzg:1uDkNv:Qr6ynue_E-vhUNXzLrQwjQIdwZKiCkCvTneKd3cwK-Q	2025-05-10 10:36:59.33144-04
mh86u4rv66a9d7zozklloqwd5gbn224y	.eJwly00KgCAQQOG7zDpCsT9cdRMZUmJA0xwGiujuFa2_9y4QFqyUHXmwemwgJKQIFnDz9RReBWkXqpRwXj9ql5zgy0oM6P8PjOomNen-BceBmfLmwlGonmDNoNT9AG4cIzg:1uDlUW:6lOmMYYAjT9MwT32HfQT_0BaiWJPa82IUL9FSBzc6jc	2025-05-10 11:47:52.549109-04
psksiojjqsupwunnmrz5fvozqfcku1rn	.eJwly00KgCAQQOG7zDpCsT9cdRMZUmJA0xwGiujuFa2_9y4QFqyUHXmwemwgJKQIFnDz9RReBWkXqpRwXj9ql5zgy0oM6P8PjOomNen-BceBmfLmwlGonmDNoNT9AG4cIzg:1uDuWo:tawc59cxXWf1H9UT3EBIA4YohX5lcdbhT6wQOyjv2Ac	2025-05-10 21:26:50.434642-04
gyv05sbjpyultd2r9fumt5mwmyoroz21	.eJwly00KgCAQQOG7zDpCsT9cdRMZUmJA0xwGiujuFa2_9y4QFqyUHXmwemwgJKQIFnDz9RReBWkXqpRwXj9ql5zgy0oM6P8PjOomNen-BceBmfLmwlGonmDNoNT9AG4cIzg:1uDvWu:XD2phhN3g5ztnj2wU9IFSTxbPAhC7s7EXsQpDMprvtQ	2025-05-10 22:31:00.444647-04
ev4uwvv22lwxmf6df6tl2azxi210vfmx	.eJwly00KgCAQQOG7zDpCsT9cdRMZUmJA0xwGiujuFa2_9y4QFqyUHXmwemwgJKQIFnDz9RReBWkXqpRwXj9ql5zgy0oM6P8PjOomNen-BceBmfLmwlGonmDNoNT9AG4cIzg:1uE5lN:l9Yo9MUP6QstNsY8IsIhBPwMi3l6Ye4XjXD197MqAgc	2025-05-11 09:26:37.783788-04
vjccrqtfo4c44bkofwbnifa46tlr6xd9	.eJwly00KgCAQQOG7zDpCsT9cdRMZUmJA0xwGiujuFa2_9y4QFqyUHXmwemwgJKQIFnDz9RReBWkXqpRwXj9ql5zgy0oM6P8PjOomNen-BceBmfLmwlGonmDNoNT9AG4cIzg:1uE7SL:OHrxdxxvAqeFg3-_myW2iYwAO5769Z5VxQaZ7Ro95Rs	2025-05-11 11:15:05.07879-04
fckxvuvuksori581zps74gutv9vvoomf	.eJwly00KgCAQQOG7zDpCsT9cdRMZUmJA0xwGiujuFa2_9y4QFqyUHXmwemwgJKQIFnDz9RReBWkXqpRwXj9ql5zgy0oM6P8PjOomNen-BceBmfLmwlGonmDNoNT9AG4cIzg:1uE8Xm:VF0HVqULWTrCX88sQbGvuTYkeXMQtle5fYNcYBCVTk8	2025-05-11 12:24:46.575119-04
liln979e4ndb4te1sibf5dxft1xorc0s	.eJwly00KgCAQQOG7zDpCsT9cdRMZUmJA0xwGiujuFa2_9y4QFqyUHXmwemwgJKQIFnDz9RReBWkXqpRwXj9ql5zgy0oM6P8PjOomNen-BceBmfLmwlGonmDNoNT9AG4cIzg:1uEA0d:rh41-UFnsHtnr8eqLk6biZxzgw7yU62gLFQYo8xUin8	2025-05-11 13:58:39.501886-04
lh9jstt66wmsxii7lz4ouemjb5t6nqrt	.eJwly00KgCAQQOG7zDpCsT9cdRMZUmJA0xwGiujuFa2_9y4QFqyUHXmwemwgJKQIFnDz9RReBWkXqpRwXj9ql5zgy0oM6P8PjOomNen-BceBmfLmwlGonmDNoNT9AG4cIzg:1uEB3q:qCjczDt9t_1A-4lfEemUr51YWG8A7a9uH3neWBPaPfI	2025-05-11 15:06:02.44139-04
u5dpq715v4mt1brjv7ohaq84sc5mle8e	.eJwly00KgCAQQOG7zDpCsT9cdRMZUmJA0xwGiujuFa2_9y4QFqyUHXmwemwgJKQIFnDz9RReBWkXqpRwXj9ql5zgy0oM6P8PjOomNen-BceBmfLmwlGonmDNoNT9AG4cIzg:1uEFfn:bfHGHy8s_cQLJbFV2fjwXr_ly6s_UCVQNt0-f4wcNhc	2025-05-11 20:01:31.102799-04
ymio75ky8uvfuf6dnq8fbnww22q48w5r	.eJwly00KgCAQQOG7zDpCsT9cdRMZUmJA0xwGiujuFa2_9y4QFqyUHXmwemwgJKQIFnDz9RReBWkXqpRwXj9ql5zgy0oM6P8PjOomNen-BceBmfLmwlGonmDNoNT9AG4cIzg:1uEY5S:TpREHUgB2jjaqZWvg45RM-rSwC1y9qvIAzKod8bL3Sc	2025-05-12 15:41:14.858077-04
ap4fp3glckerv1c8herr3ybr6d9c5ylk	.eJwly00KgCAQQOG7zDpCsT9cdRMZUmJA0xwGiujuFa2_9y4QFqyUHXmwemwgJKQIFnDz9RReBWkXqpRwXj9ql5zgy0oM6P8PjOomNen-BceBmfLmwlGonmDNoNT9AG4cIzg:1uEhgg:g4RhVwtdLfPXTcMgwuNBVel-CbzDDen5PnVYW7U6e6Q	2025-05-13 01:56:18.441528-04
80zh4ychrfjbtjmd1t4j0ajyo0v97ktf	.eJwly00KgCAQQOG7zDpCsT9cdRMZUmJA0xwGiujuFa2_9y4QFqyUHXmwemwgJKQIFnDz9RReBWkXqpRwXj9ql5zgy0oM6P8PjOomNen-BceBmfLmwlGonmDNoNT9AG4cIzg:1uF3w7:fM6Qepc17y0Qr6MLAY9V6Z7SRzUBtlbHIagSdgRwNdw	2025-05-14 01:41:43.548334-04
0mbw1gfm3mdm2kv9eiqolsfgdcpiboxp	.eJwly00KgCAQQOG7zDpCsT9cdRMZUmJA0xwGiujuFa2_9y4QFqyUHXmwemwgJKQIFnDz9RReBWkXqpRwXj9ql5zgy0oM6P8PjOomNen-BceBmfLmwlGonmDNoNT9AG4cIzg:1uFoVd:ce1EdYeO58e8_bvna799oZ_ta2Cemm7qijcukz4gn14	2025-05-16 03:25:29.323684-04
wyqvvbboouzzk1stphseccmnqrena90i	.eJwly00KgCAQQOG7zDpCsT9cdRMZUmJA0xwGiujuFa2_9y4QFqyUHXmwemwgJKQIFnDz9RReBWkXqpRwXj9ql5zgy0oM6P8PjOomNen-BceBmfLmwlGonmDNoNT9AG4cIzg:1uGLdg:HkoYRK0IeHOKEpYudNasZKJvEy8kPiK55bB17tuGZBQ	2025-05-17 14:48:00.290503-04
h6y65qrl024sot1muh7zg2ymlzxxpa0c	.eJwly00KgCAQQOG7zDpCsT9cdRMZUmJA0xwGiujuFa2_9y4QFqyUHXmwemwgJKQIFnDz9RReBWkXqpRwXj9ql5zgy0oM6P8PjOomNen-BceBmfLmwlGonmDNoNT9AG4cIzg:1uGRGa:AHTh2aG5FFl8ncpvHobd8siVGFBL_xUbOgSSOv3NrMg	2025-05-17 20:48:32.875524-04
vf2nnm2hfr29tv9ys9gq9gcq0jfb2zl1	.eJwly00KgCAQQOG7zDpCsT9cdRMZUmJA0xwGiujuFa2_9y4QFqyUHXmwemwgJKQIFnDz9RReBWkXqpRwXj9ql5zgy0oM6P8PjOomNen-BceBmfLmwlGonmDNoNT9AG4cIzg:1uGTFg:9gL-usTRJkQlv_ttvnVbgewrsunq95jquAnVnQdU4Do	2025-05-17 22:55:44.180244-04
xcrziwlehv2o7vqb4wx7cmq2nwk4atx3	.eJwly00KgCAQQOG7zDpCsT9cdRMZUmJA0xwGiujuFa2_9y4QFqyUHXmwemwgJKQIFnDz9RReBWkXqpRwXj9ql5zgy0oM6P8PjOomNen-BceBmfLmwlGonmDNoNT9AG4cIzg:1uGkjX:6hGKkKy1-IktEjinSkutnC04Bdyp-yxA5OY_AbFoMG0	2025-05-18 17:35:43.54419-04
q6i8d3nhy9s7tj0siwrrejlsx1dww4hh	.eJwly00KgCAQQOG7zFrCfpFW3USGFBnQLIeBIrp7SevvvRuEBQtlSw7mrlXgE1KEGXBz5RIOgnQIFUq4hErNmhPUbI8e3f_1ejDatKMCy56Z8mb9uVO5Ppq0fl4w7yLv:1uHn4b:ObBX1bSxRwn3X1-jdtD9Lfdr_wdGpqxtMEbMjEzbsiM	2025-05-21 14:17:45.797777-04
blsyx23frmisz2borr8vbafhjctluxzq	.eJwly00KgCAQQOG7zDpC-yNcdRMZUmRAsxwGkujuIa3f9x6w7JkpH9bfJ5UKZlyU6kBYsFC25MAMugOfkCIYwMOVKhwE6RIqlHALLfV7TtDYGT26_xvVtKpVz-8HN08i7w:1uH8DL:Xz-muOWBf5D2jLln294hhYXDTsCR_nZbLijMZJ2tjlQ	2025-05-19 18:40:03.820381-04
jo0tvaz4mo7gz6dpuctu8zi1jmt60kk9	.eJwly00KgCAQQOG7zFrCfpFW3USGFBnQLIeBIrp7SevvvRuEBQtlSw7mrlXgE1KEGXBz5RIOgnQIFUq4hErNmhPUbI8e3f_1ejDatKMCy56Z8mb9uVO5Ppq0fl4w7yLv:1uHqoJ:Hej5IgoY-3W2pJltfZii4jnp5k_e0DmBok7nwa_8YJo	2025-05-21 18:17:11.065006-04
1pgyga2qcclkgswbetg4mgt5nef8g0br	.eJwly00KgCAQQOG7zFrCfpFW3USGFBnQLIeBIrp7SevvvRuEBQtlSw7mrlXgE1KEGXBz5RIOgnQIFUq4hErNmhPUbI8e3f_1ejDatKMCy56Z8mb9uVO5Ppq0fl4w7yLv:1uH9rL:ce-gmFZPqLy0-wuW4pbD3fDCtsrD7b9ICGnnRDqkcgI	2025-05-19 20:25:27.7921-04
ka33hduf96sfnkm1o8jx0u4x0prmc0p3	.eJwly00KgCAQQOG7zFrCfpFW3USGFBnQLIeBIrp7SevvvRuEBQtlSw7mrlXgE1KEGXBz5RIOgnQIFUq4hErNmhPUbI8e3f_1ejDatKMCy56Z8mb9uVO5Ppq0fl4w7yLv:1uHuvY:jz58k5gB1m0-630nfe9qGNbNYNqDqRwrlN6zuyE2h1s	2025-05-21 22:40:56.064092-04
rj2v637tgm64l6d2xmwq0j6n3gkbjqgh	.eJwly00KgCAQQOG7zFrCfpFW3USGFBnQLIeBIrp7SevvvRuEBQtlSw7mrlXgE1KEGXBz5RIOgnQIFUq4hErNmhPUbI8e3f_1ejDatKMCy56Z8mb9uVO5Ppq0fl4w7yLv:1uHx4G:PUfzQdCfjMl3T2JCzjPixYlK54at1J5ycIx4nbnr7Jk	2025-05-22 00:58:04.101836-04
zrhead4tuk7cwfo76w78jtlduv5rvjaf	.eJwly00KgCAQQOG7zFrCfpFW3USGFBnQLIeBIrp7SevvvRuEBQtlSw7mrlXgE1KEGXBz5RIOgnQIFUq4hErNmhPUbI8e3f_1ejDatKMCy56Z8mb9uVO5Ppq0fl4w7yLv:1uHyG0:idoRTynDQwvRUbIXg1_bYqD-KTFZ_TgU-09Lh4ASzw8	2025-05-22 02:14:16.77633-04
awbbiyrpjxyhnxc4okfizvqnzxf21pjj	.eJwly00KgCAQQOG7zFrCfpFW3USGFBnQLIeBIrp7SevvvRuEBQtlSw7mrlXgE1KEGXBz5RIOgnQIFUq4hErNmhPUbI8e3f_1ejDatKMCy56Z8mb9uVO5Ppq0fl4w7yLv:1uHBbF:TlV2YZULAoygSdOXKb0wZ5KHKfNjGCsxEmg3FMNlrdU	2025-05-19 22:16:57.364759-04
180hd4w176oozxw745gk4gbaqqg6tser	.eJwly00KgCAQQOG7zFrCfpFW3USGFBnQLIeBIrp7SevvvRuEBQtlSw7mrlXgE1KEGXBz5RIOgnQIFUq4hErNmhPUbI8e3f_1ejDatKMCy56Z8mb9uVO5Ppq0fl4w7yLv:1uHzC9:K3Pu3lZs9tCJvPRLiRQ9r5c2GUDKk0XtGDiYQ4VkC8A	2025-05-22 03:14:21.26997-04
etqjxvd427cr5dfaxyf6yuudqz4imim2	.eJwly00KgCAQQOG7zFrCfpFW3USGFBnQLIeBIrp7SevvvRuEBQtlSw7mrlXgE1KEGXBz5RIOgnQIFUq4hErNmhPUbI8e3f_1ejDatKMCy56Z8mb9uVO5Ppq0fl4w7yLv:1uI9f0:Cw9pxg4JYKK6Y7K1NJQJQ7jAd4qyQ1R8AtP8xNCbNOc	2025-05-22 14:24:50.482232-04
9ogujs1ikjmo446cc24bfj9xu5xxtmc6	.eJwly00KgCAQQOG7zFrCfpFW3USGFBnQLIeBIrp7SevvvRuEBQtlSw7mrlXgE1KEGXBz5RIOgnQIFUq4hErNmhPUbI8e3f_1ejDatKMCy56Z8mb9uVO5Ppq0fl4w7yLv:1uHEVC:OHBM_W7FCVKvBgrjODTONMoapv8xK1y6gGxxy8ja-dc	2025-05-20 01:22:54.758156-04
fuk78zah8jx7a0xkxs41792mgrroh8qz	.eJwly00KgCAQQOG7zFrCfpFW3USGFBnQLIeBIrp7SevvvRuEBQtlSw7mrlXgE1KEGXBz5RIOgnQIFUq4hErNmhPUbI8e3f_1ejDatKMCy56Z8mb9uVO5Ppq0fl4w7yLv:1uIAnR:M2hvS1MUulGGnVLw8nadhtL8R5NTulTZyExS9Xz9PXo	2025-05-22 15:37:37.446094-04
42ijtvjv8whd7mstgx0eju92jxdavkfc	.eJwly00KgCAQQOG7zFrCfpFW3USGFBnQLIeBIrp7SevvvRuEBQtlSw7mrlXgE1KEGXBz5RIOgnQIFUq4hErNmhPUbI8e3f_1ejDatKMCy56Z8mb9uVO5Ppq0fl4w7yLv:1uHFkc:3glfsDk_a9v81cWK9OhdFf12HdhyNq489kIV2hvgBCY	2025-05-20 02:42:54.260517-04
ub3be92ya8wng4jz6sohu39kamt8dghg	.eJwly00KgCAQQOG7zFrCfpFW3USGFBnQLIeBIrp7SevvvRuEBQtlSw7mrlXgE1KEGXBz5RIOgnQIFUq4hErNmhPUbI8e3f_1ejDatKMCy56Z8mb9uVO5Ppq0fl4w7yLv:1uIBuB:8qzksYoy--hbj6yE2-RV9qKvD7ZdTAxiSOSh_JOlYWM	2025-05-22 16:48:39.186725-04
8wsi191f23iijsqqkonfxxk06i89h4as	.eJwly00KgCAQQOG7zFrCfpFW3USGFBnQLIeBIrp7SevvvRuEBQtlSw7mrlXgE1KEGXBz5RIOgnQIFUq4hErNmhPUbI8e3f_1ejDatKMCy56Z8mb9uVO5Ppq0fl4w7yLv:1uICuu:eHbd7C6ySCQQhw0vKKN9REJy6EjEOyYRMjQ05YrEG8Q	2025-05-22 17:53:28.816678-04
s4255s44zkg45qt4wz306cdpd3e2zl18	.eJwly00KgCAQQOG7zFrCfpFW3USGFBnQLIeBIrp7SevvvRuEBQtlSw7mrlXgE1KEGXBz5RIOgnQIFUq4hErNmhPUbI8e3f_1ejDatKMCy56Z8mb9uVO5Ppq0fl4w7yLv:1uIFU2:CJ0wMYGQX1DOkEY04bTfjZpWFLZ0VxO3uC_O8CN1YhM	2025-05-22 20:37:54.051848-04
hnresxttin8yegu090rixwx15k2qco2x	.eJwly00KgCAQQOG7zFrCfpFW3USGFBnQLIeBIrp7SevvvRuEBQtlSw7mrlXgE1KEGXBz5RIOgnQIFUq4hErNmhPUbI8e3f_1ejDatKMCy56Z8mb9uVO5Ppq0fl4w7yLv:1uHHN4:4xZhUDz9do4s3Gdj4JFrjHiZV97E_zEUIkW21RXSzGI	2025-05-20 04:26:42.259481-04
gkatuvslwjgf736m66vh2ebyxhf5wi20	.eJwly00KgCAQQOG7zFrCfpFW3USGFBnQLIeBIrp7SevvvRuEBQtlSw7mrlXgE1KEGXBz5RIOgnQIFUq4hErNmhPUbI8e3f_1ejDatKMCy56Z8mb9uVO5Ppq0fl4w7yLv:1uHMXj:c5ph-sczXqVFKiHAbeKytS5mb2II3ZPjKGzi5MP29qQ	2025-05-20 09:58:03.586658-04
eg1qc2vzp06ftkkfyismqb4take594bt	.eJwly00KgCAQQOG7zFrCfpFW3USGFBnQLIeBIrp7SevvvRuEBQtlSw7mrlXgE1KEGXBz5RIOgnQIFUq4hErNmhPUbI8e3f_1ejDatKMCy56Z8mb9uVO5Ppq0fl4w7yLv:1uHR9E:FNLP5qsjK00pbpDHnj3L6CeUvHvGuGQR0pcABa5oaMs	2025-05-20 14:53:04.372392-04
ikai5y2f5qq6vmo7sy8otvpx50ru06rm	.eJwly00KgCAQQOG7zFrCfpFW3USGFBnQLIeBIrp7SevvvRuEBQtlSw7mrlXgE1KEGXBz5RIOgnQIFUq4hErNmhPUbI8e3f_1ejDatKMCy56Z8mb9uVO5Ppq0fl4w7yLv:1uHS7a:cdPDOHyvN89IFPUVQCZJltjt_CUnw_OdhE57H4Kh0zY	2025-05-20 15:55:26.955929-04
rcjwera0b6g8e4xre6xr5ramtedxc4mq	.eJwly00KgCAQQOG7zFrCfpFW3USGFBnQLIeBIrp7SevvvRuEBQtlSw7mrlXgE1KEGXBz5RIOgnQIFUq4hErNmhPUbI8e3f_1ejDatKMCy56Z8mb9uVO5Ppq0fl4w7yLv:1uHUH6:XhoK2Cj5DfWdrVT6YRhHekGioOa4OUFHn-iqchtRwOY	2025-05-20 18:13:24.487512-04
tnki73gquyui3vfbtwt5w2rchmp6pqo8	.eJwly00KgCAQQOG7zFrCfpFW3USGFBnQLIeBIrp7SevvvRuEBQtlSw7mrlXgE1KEGXBz5RIOgnQIFUq4hErNmhPUbI8e3f_1ejDatKMCy56Z8mb9uVO5Ppq0fl4w7yLv:1uHYG6:AJevv66T7MTT2IOzVdaqG_wvu4YeL8B8b1DzebFnoH8	2025-05-20 22:28:38.911881-04
9dlvoug3yg668nk4602toi00rn3t9dys	.eJwly00KgCAQQOG7zFrCfpFW3USGFBnQLIeBIrp7SevvvRuEBQtlSw7mrlXgE1KEGXBz5RIOgnQIFUq4hErNmhPUbI8e3f_1ejDatKMCy56Z8mb9uVO5Ppq0fl4w7yLv:1uHZth:B46cIyix9a1vJaPkB_EN4SX7p9_-0nJkZ6IyPNiHQTE	2025-05-21 00:13:37.519799-04
88gaoeid8pe4o0ymmmk51f0l6ma3evee	.eJwly00KgCAQQOG7zFrCfpFW3USGFBnQLIeBIrp7SevvvRuEBQtlSw7mrlXgE1KEGXBz5RIOgnQIFUq4hErNmhPUbI8e3f_1ejDatKMCy56Z8mb9uVO5Ppq0fl4w7yLv:1uIGZg:KMSyTZle6mDtP2xJeppcO7bj8SacskqIxbQkidlMxdE	2025-05-22 21:47:48.541693-04
wtsl7ftu6vjkb24d7uzikkoq3piwuno6	.eJwly00KgCAQQOG7zFrCfpFW3USGFBnQLIeBIrp7SevvvRuEBQtlSw7mrlXgE1KEGXBz5RIOgnQIFUq4hErNmhPUbI8e3f_1ejDatKMCy56Z8mb9uVO5Ppq0fl4w7yLv:1uIHw0:iPRR7cn9b3e2_9bh5sJk3eaHQWBDKOiRKR_qHKJ0e6U	2025-05-22 23:14:56.047136-04
hynkh29idpcoktc43du3kn4rrwg3h40j	.eJwly00KgCAQQOG7zFrCfpFW3USGFBnQLIeBIrp7SevvvRuEBQtlSw7mrlXgE1KEGXBz5RIOgnQIFUq4hErNmhPUbI8e3f_1ejDatKMCy56Z8mb9uVO5Ppq0fl4w7yLv:1uISlM:LAg_d7X-CoR0fwk_q4mZbPPmPFi0N28zOZKCjEV8Zxg	2025-05-23 10:48:40.101592-04
kdc2yao03eow73zvycrg6v8tdfcegoxt	.eJwly00KgCAQQOG7zFrCfpFW3USGFBnQLIeBIrp7SevvvRuEBQtlSw7mrlXgE1KEGXBz5RIOgnQIFUq4hErNmhPUbI8e3f_1ejDatKMCy56Z8mb9uVO5Ppq0fl4w7yLv:1uIbUY:ZVvPbh1vbokdsw1q3sUPLzxJGlMLm312D22RIHgXi4o	2025-05-23 20:07:54.654044-04
kwhyllkrqqs1rek33tht66hzc05wp1i8	.eJwly00KgCAQQOG7zFrCfpFW3USGFBnQLIeBIrp7SevvvRuEBQtlSw7mrlXgE1KEGXBz5RIOgnQIFUq4hErNmhPUbI8e3f_1ejDatKMCy56Z8mb9uVO5Ppq0fl4w7yLv:1uHcKI:ziz4OAyJGvBDlHQfrQWxmfRzHdP05gtqYmhQMXBq1FY	2025-05-21 02:49:14.926579-04
xqts1xzm8k23o4glbdu9arnykffjspx9	.eJwly00KgCAQQOG7zFrCfpFW3USGFBnQLIeBIrp7SevvvRuEBQtlSw7mrlXgE1KEGXBz5RIOgnQIFUq4hErNmhPUbI8e3f_1ejDatKMCy56Z8mb9uVO5Ppq0fl4w7yLv:1uHjnc:D8xRlOw2tAYUWjodjAyxczeW7lU6saS5RxRYqRnLm9I	2025-05-21 10:48:00.019655-04
j9y5dol4tlzc8st0ixertcopnlbapfq0	.eJwly00KgCAQQOG7zFrCfpFW3USGFBnQLIeBIrp7SevvvRuEBQtlSw7mrlXgE1KEGXBz5RIOgnQIFUq4hErNmhPUbI8e3f_1ejDatKMCy56Z8mb9uVO5Ppq0fl4w7yLv:1uHkxa:SSt5k_zbA6FEMIuTPJIT8q3IUHprqMgxliKlm9cgdMg	2025-05-21 12:02:22.268106-04
fdgk2aa5af10gzhv3qvpdv7vpwryg37j	.eJwly00KgCAQQOG7zFrCfpFW3USGFBnQLIeBIrp7SevvvRuEBQtlSw7mrlXgE1KEGXBz5RIOgnQIFUq4hErNmhPUbI8e3f_1ejDatKMCy56Z8mb9uVO5Ppq0fl4w7yLv:1uIeub:9TlJ9_gZR2VencgNADA5SqP5UBDJGucMjyl6oUh3MG0	2025-05-23 23:47:01.972953-04
59cbl3wrsgimib0qadf1wyog340j66tg	.eJxVj21rwjAUhf_KCH7zhdu06RsMpqwMnNU5dLoxKNHGGm2TmjRoJ_73tduHsfPxnnN5zrkiow1VXCY8RSG2eogVlOcoRFSkqjY6M5SfDFe8oA9Zaw22skBtrMwZTX__bHB88C3SQ4lmWnMpEnYpuaobywXooZRWUieKZVxXSqLwiip5ZKLBrIaTQ1TDRgwP8RMepvxEpoJ4H6OgGBtvejFOoB5X53g7nVInGC_iBfrrOPzRv15bKSpFNfs0ADuLNqFyc0x3ONF7ionb8T1o1HmHyiqeuef6YnkR5QxyxV-szsT-Ym_5PJ2xRb3ei-55jbfBrIqWJNqXwet8FK1jO8h5AP59C2OpyVuGDR7BxPGam8krXsgklxlv92HApA-kj-07cEKLhNgdEAJ24HYBQgB0u30D7z543Q:1uIKRU:FbyJ7UM9PC1aFigwHKwK6k9Jo7bvZZ2tvL9_Pk4vBQI	2025-05-23 01:55:36.305397-04
790muwkfqjcgoxc10j1yut2bbxreg5wo	.eJwly00KgCAQQOG7zFrCfpFW3USGFBnQLIeBIrp7SevvvRuEBQtlSw7mrlXgE1KEGXBz5RIOgnQIFUq4hErNmhPUbI8e3f_1ejDatKMCy56Z8mb9uVO5Ppq0fl4w7yLv:1uIfud:mUU9OcD-UmCRQ56SAc9MOJbtvt__TPzPmr6KA-VZYd4	2025-05-24 00:51:07.555477-04
o0gdl2tploedv9wucpc0liv115b5lvvk	.eJwly00KgCAQQOG7zFrCfpFW3USGFBnQLIeBIrp7SevvvRuEBQtlSw7mrlXgE1KEGXBz5RIOgnQIFUq4hErNmhPUbI8e3f_1ejDatKMCy56Z8mb9uVO5Ppq0fl4w7yLv:1uInGF:NWXAyv6KK0LqKfqsHgyo8B-6KBWoHQUhaOIy7YrWWio	2025-05-24 08:41:55.229361-04
phhhtlmmd9d3qdyt8s67ctog117clvjq	.eJwly00KgCAQQOG7zFrCfpFW3USGFBnQLIeBIrp7SevvvRuEBQtlSw7mrlXgE1KEGXBz5RIOgnQIFUq4hErNmhPUbI8e3f_1ejDatKMCy56Z8mb9uVO5Ppq0fl4w7yLv:1uIozu:d8rpy0fEPOwyjQan8fzFmVNBXByP_7I3G9WcsziNpkQ	2025-05-24 10:33:10.481782-04
j3rqaggqvetpp4trk8rbb9v8914zgmhf	.eJwly00KgCAQQOG7zFrCfpFW3USGFBnQLIeBIrp7SevvvRuEBQtlSw7mrlXgE1KEGXBz5RIOgnQIFUq4hErNmhPUbI8e3f_1ejDatKMCy56Z8mb9uVO5Ppq0fl4w7yLv:1uIvcT:HNYRbaODNRksPHDrSbYutEmtphV7JEIbHe2BjS5ir6M	2025-05-24 17:37:25.768539-04
oegfwar9w2i2z5pbvvblcrj0idw1qouy	.eJwly00KgCAQQOG7zFrCfpFW3USGFBnQLIeBIrp7SevvvRuEBQtlSw7mrlXgE1KEGXBz5RIOgnQIFUq4hErNmhPUbI8e3f_1ejDatKMCy56Z8mb9uVO5Ppq0fl4w7yLv:1uJMZw:XBr3cZhQYnvoXOfPuRWLwREmNPsHEdst4OFx3Gj1YZA	2025-05-25 22:24:36.505835-04
9k9y0m5wh7993x5471f5lgf5s09k5try	.eJwly00KgCAQQOG7zFrCfpFW3USGFBnQLIeBIrp7SevvvRuEBQtlSw7mrlXgE1KEGXBz5RIOgnQIFUq4hErNmhPUbI8e3f_1ejDatKMCy56Z8mb9uVO5Ppq0fl4w7yLv:1uJPOV:LhtF9JXV4Erd5OpIn7St31VbxCPb6bM2ebyeVX3eJSU	2025-05-26 01:24:59.17546-04
q11eb3m8crusxz52987syzt2bqx0ig75	.eJwly00KgCAQQOG7zFrCfpFW3USGFBnQLIeBIrp7SevvvRuEBQtlSw7mrlXgE1KEGXBz5RIOgnQIFUq4hErNmhPUbI8e3f_1ejDatKMCy56Z8mb9uVO5Ppq0fl4w7yLv:1uJYVA:saDBmok-vKNR5LDuj8E4RkNmhuPQY-BsXi6q21SQmdg	2025-05-26 11:08:28.718233-04
rv067y6i5t86ignfv68zwae5zglurr3y	.eJwly00KgCAQQOG7zFrCfpFW3USGFBnQLIeBIrp7SevvvRuEBQtlSw7mrlXgE1KEGXBz5RIOgnQIFUq4hErNmhPUbI8e3f_1ejDatKMCy56Z8mb9uVO5Ppq0fl4w7yLv:1uJZay:MeflzuzLnz5ee0MEFJRqG_mnXNV1-aToXWAOs13ENwM	2025-05-26 12:18:32.83635-04
zs46ojz15mu994ry3c5rozfuelkibzps	.eJwly00KgCAQQOG7zFrCfpFW3USGFBnQLIeBIrp7SevvvRuEBQtlSw7mrlXgE1KEGXBz5RIOgnQIFUq4hErNmhPUbI8e3f_1ejDatKMCy56Z8mb9uVO5Ppq0fl4w7yLv:1uJb0k:A6DOg6q8F_bA17_p1xJycy4hhPyiZPcO1U74Ur-mN8o	2025-05-26 13:49:14.787193-04
83jful60yg61o5vaargurhgyuuhaepa6	.eJwly00KgCAQQOG7zFrCfpFW3USGFBnQLIeBIrp7SevvvRuEBQtlSw7mrlXgE1KEGXBz5RIOgnQIFUq4hErNmhPUbI8e3f_1ejDatKMCy56Z8mb9uVO5Ppq0fl4w7yLv:1uJlIh:y8yQyWd_RUGQpchFfZBf9Fwkej4YVBC86d86BBDoWxY	2025-05-27 00:48:27.958124-04
qkp5w3uxirsrxjv2h7d14rl2tg5gvnel	.eJwly00KgCAQQOG7zFrCfpFW3USGFBnQLIeBIrp7SevvvRuEBQtlSw7mrlXgE1KEGXBz5RIOgnQIFUq4hErNmhPUbI8e3f_1ejDatKMCy56Z8mb9uVO5Ppq0fl4w7yLv:1uJnJq:jRq0M9B_c4DVluOZzVjDSIM6QGroFR1QjsHsx9eY4Lw	2025-05-27 02:57:46.383959-04
614p03r9xwvtk9az1494zfe38m3gqz8k	.eJwly00KgCAQQOG7zFrCfpFW3USGFBnQLIeBIrp7SevvvRuEBQtlSw7mrlXgE1KEGXBz5RIOgnQIFUq4hErNmhPUbI8e3f_1ejDatKMCy56Z8mb9uVO5Ppq0fl4w7yLv:1uJoIa:lTeRbuHCVdd2bnPBTYFhSeEj7P_GdU74IGLVOW6F9Kc	2025-05-27 04:00:32.949819-04
u6mwjxyupqwykjokruad99srlayf7kzh	.eJwly00KgCAQQOG7zFrCfpFW3USGFBnQLIeBIrp7SevvvRuEBQtlSw7mrlXgE1KEGXBz5RIOgnQIFUq4hErNmhPUbI8e3f_1ejDatKMCy56Z8mb9uVO5Ppq0fl4w7yLv:1uJuHf:M23dACBxFJbUwzWFZYouREkvHHF7VeY8KWPeCqIV1-0	2025-05-27 10:23:59.62672-04
137fmy5cedaqe2p5rhgz56y6lrygi7t8	.eJwly00KgCAQQOG7zFrCfpFW3USGFBnQLIeBIrp7SevvvRuEBQtlSw7mrlXgE1KEGXBz5RIOgnQIFUq4hErNmhPUbI8e3f_1ejDatKMCy56Z8mb9uVO5Ppq0fl4w7yLv:1uJvc0:KbXrlAVeqlLPAQA3y1epU4lvoxoiMvo3v0OohtS6Zgk	2025-05-27 11:49:04.050412-04
cqekkv407y6mo7sifi1eh236vrwwvjtv	.eJwly00KgCAQQOG7zFrCfpFW3USGFBnQLIeBIrp7SevvvRuEBQtlSw7mrlXgE1KEGXBz5RIOgnQIFUq4hErNmhPUbI8e3f_1ejDatKMCy56Z8mb9uVO5Ppq0fl4w7yLv:1uJyxL:D7lmbBhLtLSfgI0uSNICM_tY6FEVx9nuX4gkeqxVvQk	2025-05-27 15:23:19.504282-04
n76lbcng04oocl2rxz3i9x847q6a6mpb	.eJwly00KgCAQQOG7zFrCfpFW3USGFBnQLIeBIrp7SevvvRuEBQtlSw7mrlXgE1KEGXBz5RIOgnQIFUq4hErNmhPUbI8e3f_1ejDatKMCy56Z8mb9uVO5Ppq0fl4w7yLv:1uJzxz:O7Q3Wk7rrRb3Gn1YCqQTvFE7JE14ka6-U331r5zqFBE	2025-05-27 16:28:03.571892-04
6j24d8wr60t6q9gspnjn3tw82mmkdnnl	.eJwly00KgCAQQOG7zFrCfpFW3USGFBnQLIeBIrp7SevvvRuEBQtlSw7mrlXgE1KEGXBz5RIOgnQIFUq4hErNmhPUbI8e3f_1ejDatKMCy56Z8mb9uVO5Ppq0fl4w7yLv:1uK4Yk:Dv9qOtVS7YQxr5QA0qIOOsa4wN1mDe3EWCxJfhpXNq4	2025-05-27 21:22:18.360196-04
28g0u1wrdrstfkw4kyu6pn55iiax6wt7	.eJwly00KgCAQQOG7zFrCfpFW3USGFBnQLIeBIrp7SevvvRuEBQtlSw7mrlXgE1KEGXBz5RIOgnQIFUq4hErNmhPUbI8e3f_1ejDatKMCy56Z8mb9uVO5Ppq0fl4w7yLv:1uKHtU:kndRGxOPM83iuvlF7RMqOeIJ7vwcx8Vje1nbVR_dV5o	2025-05-28 11:36:36.065081-04
bvxnedr4jy8zn1bdvd6nlip59kqj7d7o	.eJwly00KgCAQQOG7zFrCfpFW3USGFBnQLIeBIrp7SevvvRuEBQtlSw7mrlXgE1KEGXBz5RIOgnQIFUq4hErNmhPUbI8e3f_1ejDatKMCy56Z8mb9uVO5Ppq0fl4w7yLv:1uKJ5M:WREbPtw5FurZukm_h-uDcEPcFWvXUc0J-_EejmHil8Q	2025-05-28 12:52:56.105766-04
8f7m2sd5fd2hmxfcr6wv22fqyhtfp8sc	.eJwly00KgCAQQOG7zFrCfpFW3USGFBnQLIeBIrp7SevvvRuEBQtlSw7mrlXgE1KEGXBz5RIOgnQIFUq4hErNmhPUbI8e3f_1ejDatKMCy56Z8mb9uVO5Ppq0fl4w7yLv:1uKKQq:HsMj3n920BJLOoAdKZp8H_J0Fweyr8KzCpnI_c1XWBI	2025-05-28 14:19:12.284725-04
kwqai7lipciafgbus4308yts4it9o2ho	.eJwly00KgCAQQOG7zFrCfpFW3USGFBnQLIeBIrp7SevvvRuEBQtlSw7mrlXgE1KEGXBz5RIOgnQIFUq4hErNmhPUbI8e3f_1ejDatKMCy56Z8mb9uVO5Ppq0fl4w7yLv:1uKPjK:nnwVR6AzWRFfh7Pv-BGCM6bU-H_tAR7443lIMwiChIg	2025-05-28 19:58:38.118745-04
02f9i56bhyrvjsz29quqjm7rrg7rxlrd	.eJwly00KgCAQQOG7zFrCfpFW3USGFBnQLIeBIrp7SevvvRuEBQtlSw7mrlXgE1KEGXBz5RIOgnQIFUq4hErNmhPUbI8e3f_1ejDatKMCy56Z8mb9uVO5Ppq0fl4w7yLv:1uKRHd:rv4DjUiTAAfhOYI_SUpLOV0-47ZTyPBuFEIkm1XqPIo	2025-05-28 21:38:09.370594-04
c74s9ipa7cgq8xmx5fbhwkaiyghy66s5	.eJwly00KgCAQQOG7zFrCfpFW3USGFBnQLIeBIrp7SevvvRuEBQtlSw7mrlXgE1KEGXBz5RIOgnQIFUq4hErNmhPUbI8e3f_1ejDatKMCy56Z8mb9uVO5Ppq0fl4w7yLv:1uKSSl:zk2XHkDxMzqgpxc-XFU-l-2nCXVFDLRIr4k-GqXgLJ0	2025-05-28 22:53:43.926182-04
7as5zeyxgjgvs41mvsbqob4f2dzljmz1	.eJwly00KgCAQQOG7zFrCfpFW3USGFBnQLIeBIrp7SevvvRuEBQtlSw7mrlXgE1KEGXBz5RIOgnQIFUq4hErNmhPUbI8e3f_1ejDatKMCy56Z8mb9uVO5Ppq0fl4w7yLv:1uKTVD:DrjyaZ2KKW5tVYgAmJNwK06FdTodmfeCaLOtwsVqAL0	2025-05-29 00:00:19.311297-04
rgz7usa7uiupqbqir0irq96i1hg7d5zl	.eJwly00KgCAQQOG7zFrCfpFW3USGFBnQLIeBIrp7SevvvRuEBQtlSw7mrlXgE1KEGXBz5RIOgnQIFUq4hErNmhPUbI8e3f_1ejDatKMCy56Z8mb9uVO5Ppq0fl4w7yLv:1uKV7A:ju8BhOKnMT68q56RD5yCz4hIVYet66r8fAeCql0wJrA	2025-05-29 01:43:36.903244-04
98c24y61x49qrmok3cwuodgpwjckxzpz	.eJwly00KgCAQQOG7zFrCfpFW3USGFBnQLIeBIrp7SevvvRuEBQtlSw7mrlXgE1KEGXBz5RIOgnQIFUq4hErNmhPUbI8e3f_1ejDatKMCy56Z8mb9uVO5Ppq0fl4w7yLv:1uKdVP:7Rcf7q8xrnRg67nAemaorAwItaMkO6RlbeaL9MrKyDw	2025-05-29 10:41:11.033857-04
ioldyw139iggpfw8gniba62u5bwz14y1	.eJwly00KgCAQQOG7zFrCfpFW3USGFBnQLIeBIrp7SevvvRuEBQtlSw7mrlXgE1KEGXBz5RIOgnQIFUq4hErNmhPUbI8e3f_1ejDatKMCy56Z8mb9uVO5Ppq0fl4w7yLv:1uKiUE:rov0ozl8F4L43uPPZ89Z3nEAgitNc8FW6tVYEg5k0ls	2025-05-29 16:00:18.650884-04
l689jc2jsc3mpg4ucnllnv6ab3f1lggg	.eJwly00KgCAQQOG7zFrCfpFW3USGFBnQLIeBIrp7SevvvRuEBQtlSw7mrlXgE1KEGXBz5RIOgnQIFUq4hErNmhPUbI8e3f_1ejDatKMCy56Z8mb9uVO5Ppq0fl4w7yLv:1uKjYk:UMdxgj6dDu4Hmkb8tEPgKA2xg2rpKC408tvAkgw5O-0	2025-05-29 17:09:02.852817-04
5z7awe9dl62ye9e5ubkz4eda7b3n8d5d	.eJwly00KgCAQQOG7zFrCfpFW3USGFBnQLIeBIrp7SevvvRuEBQtlSw7mrlXgE1KEGXBz5RIOgnQIFUq4hErNmhPUbI8e3f_1ejDatKMCy56Z8mb9uVO5Ppq0fl4w7yLv:1uKkdE:mRLET5N0ni0ZRBZLpsez065qctGEGM_YUxmEgWck-nk	2025-05-29 18:17:44.420603-04
eeulb1p6t0p1tpb35nc9bjm87br23exe	.eJwly00KgCAQQOG7zFrCfpFW3USGFBnQLIeBIrp7SevvvRuEBQtlSw7mrlXgE1KEGXBz5RIOgnQIFUq4hErNmhPUbI8e3f_1ejDatKMCy56Z8mb9uVO5Ppq0fl4w7yLv:1uKmvI:cTQjCsxIncvkn46ZpilOUC6pFJgbUWuxVhUntIp9l5c	2025-05-29 20:44:32.131844-04
5i4rj2zhd9l51cklixvdiy6sq4yqx4ed	.eJwly00KgCAQQOG7zFrCfpFW3USGFBnQLIeBIrp7SevvvRuEBQtlSw7mrlXgE1KEGXBz5RIOgnQIFUq4hErNmhPUbI8e3f_1ejDatKMCy56Z8mb9uVO5Ppq0fl4w7yLv:1uKmvJ:1swVS8mzZXlhsAjMzDrVCOTgPQGpEgOlMUe310_qJ8E	2025-05-29 20:44:33.264643-04
9o8xlh8htjkvd10q4idv6kacrw4zkaws	.eJwly00KgCAQQOG7zFrCfpFW3USGFBnQLIeBIrp7SevvvRuEBQtlSw7mrlXgE1KEGXBz5RIOgnQIFUq4hErNmhPUbI8e3f_1ejDatKMCy56Z8mb9uVO5Ppq0fl4w7yLv:1uKnv8:wsF_dKoawFYh2Tx8yz7LSQahe3fNRJ8aNhFANg-vsAc	2025-05-29 21:48:26.096117-04
1riryqm4e0bgvb9fgnsueuv60bgcyq53	.eJwly00KgCAQQOG7zFrCfpFW3USGFBnQLIeBIrp7SevvvRuEBQtlSw7mrlXgE1KEGXBz5RIOgnQIFUq4hErNmhPUbI8e3f_1ejDatKMCy56Z8mb9uVO5Ppq0fl4w7yLv:1uKp0c:UnWmf66rHk8ld6vj4GzYCeCFs5ndjAZOKGlIOZkNk3k	2025-05-29 22:58:10.94248-04
cdn0qznkhb26lag6ih741ck3jtda52xf	.eJwly00KgCAQQOG7zFrCfpFW3USGFBnQLIeBIrp7SevvvRuEBQtlSw7mrlXgE1KEGXBz5RIOgnQIFUq4hErNmhPUbI8e3f_1ejDatKMCy56Z8mb9uVO5Ppq0fl4w7yLv:1uKpyy:nLa5BXfkrRHdr40rOZsXkutiwVdmc8AKj7wZgZyI7nE	2025-05-30 00:00:32.088915-04
flrimx21agmn2rn8j0dxbm8ki4uhd5mv	.eJwly00KgCAQQOG7zFrCfpFW3USGFBnQLIeBIrp7SevvvRuEBQtlSw7mrlXgE1KEGXBz5RIOgnQIFUq4hErNmhPUbI8e3f_1ejDatKMCy56Z8mb9uVO5Ppq0fl4w7yLv:1uKqyJ:NtM4LOHp6rCCRvHBcV-hQyem_gc90k1wDPSjkhArWRc	2025-05-30 01:03:55.632502-04
ure2z9q5d2dh0fzjrqj2kdow89b9icvm	.eJwly00KgCAQQOG7zFrCfpFW3USGFBnQLIeBIrp7SevvvRuEBQtlSw7mrlXgE1KEGXBz5RIOgnQIFUq4hErNmhPUbI8e3f_1ejDatKMCy56Z8mb9uVO5Ppq0fl4w7yLv:1uKshn:11HXoDTWNymYSPfACeMq0chR1uBCeZcow1Zt-czySMk	2025-05-30 02:54:59.550984-04
u6i84mcmtsmm3uoqca37ay7x4973ahy1	.eJwly00KgCAQQOG7zFrCfpFW3USGFBnQLIeBIrp7SevvvRuEBQtlSw7mrlXgE1KEGXBz5RIOgnQIFUq4hErNmhPUbI8e3f_1ejDatKMCy56Z8mb9uVO5Ppq0fl4w7yLv:1uLJY7:YXHVtp1zq5hjg3QU8zXH5hgPKJRqWSEB0FnDmkjcmQI	2025-05-31 07:34:47.50049-04
7wyqado04ipzgr50g30adoi9ko3fbeg2	.eJwly00KgCAQQOG7zFrCfpFW3USGFBnQLIeBIrp7SevvvRuEBQtlSw7mrlXgE1KEGXBz5RIOgnQIFUq4hErNmhPUbI8e3f_1ejDatKMCy56Z8mb9uVO5Ppq0fl4w7yLv:1uLVfa:Ak6i2Cd5R50BXF1KkXCjqY9AD35hu7pm-QeSHQihMyo	2025-05-31 20:31:18.032969-04
pptwoxz5jhc8nz53t0ygkq7anioznrxt	.eJyrVoovTi0uzszPi0-tKMgsqlSyMjYzMNBRKi0uTSzKzI_PTFGyMjLSUUrNTczMUbJSMgSCRId0EE8vOT9XCSRTkJOamAJRamxgbmpkamJeCwA7VBx1:1uLijR:SsVqwsAFVh01OxPml84-5GlNcrxmP2obRfIGtUvb7cA	2025-06-01 10:28:09.330893-04
e4frjya2jf7426dzvfsdjrjcrnei50o9	.eJwly00KgCAQQOG7zFrCfpFW3USGFBnQLIeBIrp7SevvvRuEBQtlSw7mrlXgE1KEGXBz5RIOgnQIFUq4hErNmhPUbI8e3f_1ejDatKMCy56Z8mb9uVO5Ppq0fl4w7yLv:1uLjjv:yOhu4GJd4_i8diUx2y9UIHWakuAFVraIy3F2HbjjaVc	2025-06-01 11:32:43.847287-04
5mgempwebca3zox3jz9utl20n3sw5z9a	.eJwly00KgCAQQOG7zFrCfpFW3USGFBnQLIeBIrp7SevvvRuEBQtlSw7mrlXgE1KEGXBz5RIOgnQIFUq4hErNmhPUbI8e3f_1ejDatKMCy56Z8mb9uVO5Ppq0fl4w7yLv:1uLnsE:yBB5I1E9CxYasKiQ8RrGmPvIhgF1nqvy1If-IZOGX8Q	2025-06-01 15:57:34.200667-04
1j1iaix7amh8ot8j6x0p2c6scezzy6hy	.eJwly00KgCAQQOG7zFrCfpFW3USGFBnQLIeBIrp7SevvvRuEBQtlSw7mrlXgE1KEGXBz5RIOgnQIFUq4hErNmhPUbI8e3f_1ejDatKMCy56Z8mb9uVO5Ppq0fl4w7yLv:1uLp8h:0PDKhFNbEBSKE8_i9n7h0kllNIrVq-73DNOvSyPrfWM	2025-06-01 17:18:39.743107-04
2y24p7dinpiwlqnscorwdd8em9u0o1zu	.eJwly00KgCAQQOG7zFrCfpFW3USGFBnQLIeBIrp7SevvvRuEBQtlSw7mrlXgE1KEGXBz5RIOgnQIFUq4hErNmhPUbI8e3f_1ejDatKMCy56Z8mb9uVO5Ppq0fl4w7yLv:1uLrk3:8I4WCDPiHzQYE2si8d96vCp8coif6mqYY-re9qraGkA	2025-06-01 20:05:23.389309-04
kdcsgde4dbn4sn0gxmxj8mg0jxbtsp0m	.eJwly00KgCAQQOG7zFrCfpFW3USGFBnQLIeBIrp7SevvvRuEBQtlSw7mrlXgE1KEGXBz5RIOgnQIFUq4hErNmhPUbI8e3f_1ejDatKMCy56Z8mb9uVO5Ppq0fl4w7yLv:1uLtOk:hHAHavueOsCQuv52XfQl3FuHh5_IbP8mfzJQNsU___o	2025-06-01 21:51:30.101697-04
pbxlp4nc5nkckhoqfl6j4f9mlhw4qmgx	.eJwly00KgCAQQOG7zFrCfpFW3USGFBnQLIeBIrp7SevvvRuEBQtlSw7mrlXgE1KEGXBz5RIOgnQIFUq4hErNmhPUbI8e3f_1ejDatKMCy56Z8mb9uVO5Ppq0fl4w7yLv:1uLupG:hlV5rG0lEvDMapfbKJdxbuqERuJZBOzfIDVmR5l9duw	2025-06-01 23:22:58.13383-04
y590s0e02947m30ho9j8rwuwe39m7fj3	.eJwly00KgCAQQOG7zFrCfpFW3USGFBnQLIeBIrp7SevvvRuEBQtlSw7mrlXgE1KEGXBz5RIOgnQIFUq4hErNmhPUbI8e3f_1ejDatKMCy56Z8mb9uVO5Ppq0fl4w7yLv:1uLxwb:5cEziPT3L69UWyDJp3sTYd9GqNVeoEHDHJacaCv8Eaw	2025-06-02 02:42:45.32536-04
p9xos9eun744gsqp2hj09ww0nb294i2t	.eJwly00KgCAQQOG7zFrCfpFW3USGFBnQLIeBIrp7SevvvRuEBQtlSw7mrlXgE1KEGXBz5RIOgnQIFUq4hErNmhPUbI8e3f_1ejDatKMCy56Z8mb9uVO5Ppq0fl4w7yLv:1uM4Xx:1aRYCYudUQ-J8n0VAT04l4KmJHT6DNKYhD_RYtYxWdo	2025-06-02 09:45:45.997142-04
5y4jdhpwqd5c5ew3zj297sg5vgmzo13e	.eJwly00KgCAQQOG7zFrCfpFW3USGFBnQLIeBIrp7SevvvRuEBQtlSw7mrlXgE1KEGXBz5RIOgnQIFUq4hErNmhPUbI8e3f_1ejDatKMCy56Z8mb9uVO5Ppq0fl4w7yLv:1uM5hi:0RSBLdLZ6eTnRNhoY3Oe3xpebdIzes2NccQVGZ29hIo	2025-06-02 10:59:54.29433-04
6496hjasoqvf2ctve9qpzxszvtqy1s6v	.eJwly00KgCAQQOG7zFrCfpFW3USGFBnQLIeBIrp7SevvvRuEBQtlSw7mrlXgE1KEGXBz5RIOgnQIFUq4hErNmhPUbI8e3f_1ejDatKMCy56Z8mb9uVO5Ppq0fl4w7yLv:1uMEzu:1YSJKNd01U_5M1nP230SFoU1S5vS5hScTMHR5po_Uk8	2025-06-02 20:55:18.821067-04
k5a4xucmq0qj8g6i37iz0bq0l6w38lcb	.eJwly00KgCAQQOG7zFrCfpFW3USGFBnQLIeBIrp7SevvvRuEBQtlSw7mrlXgE1KEGXBz5RIOgnQIFUq4hErNmhPUbI8e3f_1ejDatKMCy56Z8mb9uVO5Ppq0fl4w7yLv:1uMFwJ:ldxww8VxqhJmN7jI2rehGhksYdQaxIxZKd1hj6AvMR8	2025-06-02 21:55:39.394814-04
fqqa0964oqoz1r7j9vzhjip8bz0nci1j	.eJwly00KgCAQQOG7zFrCfpFW3USGFBnQLIeBIrp7SevvvRuEBQtlSw7mrlXgE1KEGXBz5RIOgnQIFUq4hErNmhPUbI8e3f_1ejDatKMCy56Z8mb9uVO5Ppq0fl4w7yLv:1uMGsS:QfcBxP0M_HeMLUuGnQc8taL3s9ojqOuZA75v5F_S_pc	2025-06-02 22:55:44.09968-04
y4zwcojq1z3c8bszxpjnd27bc2028jbw	.eJwly00KgCAQQOG7zFrCfpFW3USGFBnQLIeBIrp7SevvvRuEBQtlSw7mrlXgE1KEGXBz5RIOgnQIFUq4hErNmhPUbI8e3f_1ejDatKMCy56Z8mb9uVO5Ppq0fl4w7yLv:1uMPdc:tmxxzNSuflW8seRrJMjw-Peh3XxB20k83T-TQ0RPgD4	2025-06-03 08:17:00.732399-04
8ekidgz83py86x34xcl2dta9rrsofyyp	.eJwly00KgCAQQOG7zFrCfpFW3USGFBnQLIeBIrp7SevvvRuEBQtlSw7mrlXgE1KEGXBz5RIOgnQIFUq4hErNmhPUbI8e3f_1ejDatKMCy56Z8mb9uVO5Ppq0fl4w7yLv:1uMQo2:0GXQGl2SivHCDaQeRLS9R0OaEp31pk7RKGNny8NJV8Q	2025-06-03 09:31:50.067251-04
p55vx2citrbs8u8dcz9fkvsh34ydsu56	.eJwly00KgCAQQOG7zFrCfpFW3USGFBnQLIeBIrp7SevvvRuEBQtlSw7mrlXgE1KEGXBz5RIOgnQIFUq4hErNmhPUbI8e3f_1ejDatKMCy56Z8mb9uVO5Ppq0fl4w7yLv:1uMTxC:74WlEh5KpJG8adsS0rEXoWAUE3gaK1YCtYN1YCaZXys	2025-06-03 12:53:30.266757-04
pbly7v8fyz6ah1lgnx3gx1wt6yylzu8e	.eJwly00KgCAQQOG7zFrCfpFW3USGFBnQLIeBIrp7SevvvRuEBQtlSw7mrlXgE1KEGXBz5RIOgnQIFUq4hErNmhPUbI8e3f_1ejDatKMCy56Z8mb9uVO5Ppq0fl4w7yLv:1uMV3n:i-cRreiLUB8niTQJ0G3VSXI7XVhfMyER4W6hPJs1914	2025-06-03 14:04:23.933508-04
olwjo8ykxss81l6nykredfh8iv5mxdi7	.eJwly00KgCAQQOG7zFrCfpFW3USGFBnQLIeBIrp7SevvvRuEBQtlSw7mrlXgE1KEGXBz5RIOgnQIFUq4hErNmhPUbI8e3f_1ejDatKMCy56Z8mb9uVO5Ppq0fl4w7yLv:1uMWVc:u0sa76QVe6znV1Fm2-1wRGLMK8mKyv6SSF8o2QbhjqU	2025-06-03 15:37:12.256914-04
ljl2icravci6ao1nmuayar4e7z1y4jlc	.eJwly00KgCAQQOG7zFrCfpFW3USGFBnQLIeBIrp7SevvvRuEBQtlSw7mrlXgE1KEGXBz5RIOgnQIFUq4hErNmhPUbI8e3f_1ejDatKMCy56Z8mb9uVO5Ppq0fl4w7yLv:1uMYJ9:v_b3Y4FwtHLbFzMhIPawWpMeLRXUyvhTVtwxNZS3Fqg	2025-06-03 17:32:27.685397-04
1wvapogk1rnflvo9u4tqai02jmaj5b7m	.eJwly00KgCAQQOG7zFrCfpFW3USGFBnQLIeBIrp7SevvvRuEBQtlSw7mrlXgE1KEGXBz5RIOgnQIFUq4hErNmhPUbI8e3f_1ejDatKMCy56Z8mb9uVO5Ppq0fl4w7yLv:1uMbwI:WSAXhCRqQ7u_xcvhZ7OYXob54GjxMY5MHox1xgj_3tU	2025-06-03 21:25:06.21744-04
6btzn86vfsdj0p4vwht43otpw8gfst4z	.eJwly00KgCAQQOG7zFrCfpFW3USGFBnQLIeBIrp7SevvvRuEBQtlSw7mrlXgE1KEGXBz5RIOgnQIFUq4hErNmhPUbI8e3f_1ejDatKMCy56Z8mb9uVO5Ppq0fl4w7yLv:1uMcuj:-Z-gTisFJSCYnTGH1khKIdz9NBBjEK3C28qUuX0mIiw	2025-06-03 22:27:33.133144-04
uxn5c2zb0kxzg1fd0bq1qrlg6balhgyk	.eJwly00KgCAQQOG7zFrCfpFW3USGFBnQLIeBIrp7SevvvRuEBQtlSw7mrlXgE1KEGXBz5RIOgnQIFUq4hErNmhPUbI8e3f_1ejDatKMCy56Z8mb9uVO5Ppq0fl4w7yLv:1uMfGu:-uFqqNADQckbpeOFJZkH-rrmI2LKrDaHUsx6VJqkbjs	2025-06-04 00:58:36.710245-04
9msd8okudk3b9n29tdsokejj8akm2gfl	.eJwly00KgCAQQOG7zFrCfpFW3USGFBnQLIeBIrp7SevvvRuEBQtlSw7mrlXgE1KEGXBz5RIOgnQIFUq4hErNmhPUbI8e3f_1ejDatKMCy56Z8mb9uVO5Ppq0fl4w7yLv:1uMoXB:7Nu17gmZUEnSWRZ-NqBvpSfbcwMwvaoIp1oJvOAxdfg	2025-06-04 10:52:01.131268-04
wu4zbk5alaq8fftxppaca6xz67o0wk39	.eJwly00KgCAQQOG7zFrCfpFW3USGFBnQLIeBIrp7SevvvRuEBQtlSw7mrlXgE1KEGXBz5RIOgnQIFUq4hErNmhPUbI8e3f_1ejDatKMCy56Z8mb9uVO5Ppq0fl4w7yLv:1uMqey:SyH2np2r10EuhbcU7cnPbCPYxRsisXQyaCFliyMFTdE	2025-06-04 13:08:12.392304-04
69xxu2z5meqo26iz26nt3hi6zmhnalqu	.eJwly00KgCAQQOG7zFrCfpFW3USGFBnQLIeBIrp7SevvvRuEBQtlSw7mrlXgE1KEGXBz5RIOgnQIFUq4hErNmhPUbI8e3f_1ejDatKMCy56Z8mb9uVO5Ppq0fl4w7yLv:1uMxAR:Elaitr-cHo9_DmIfn70xLEbzIzIFDCsiaRcNY-Q5YN4	2025-06-04 20:05:07.528439-04
b1erwfep9x7sc4yeopguqvz1r84cfc2y	.eJwly00KgCAQQOG7zFrCfpFW3USGFBnQLIeBIrp7SevvvRuEBQtlSw7mrlXgE1KEGXBz5RIOgnQIFUq4hErNmhPUbI8e3f_1ejDatKMCy56Z8mb9uVO5Ppq0fl4w7yLv:1uMy6n:SdQy7UBgPMu8VnCpsY_IQAuMtNieWW1vOjcMe_EJ-OI	2025-06-04 21:05:25.408789-04
4a91cobiamar3wm4ybogadrfwbrlxl54	.eJwly00KgCAQQOG7zFrCfpFW3USGFBnQLIeBIrp7SevvvRuEBQtlSw7mrlXgE1KEGXBz5RIOgnQIFUq4hErNmhPUbI8e3f_1ejDatKMCy56Z8mb9uVO5Ppq0fl4w7yLv:1uMz5b:d882EfO5ISRopGzk7d2L8zXDxVuhlOlUfYQswpJf-us	2025-06-04 22:08:15.232066-04
vedc6gajxblkn1vbf2wbdcmr6u0piziq	.eJwly00KgCAQQOG7zFrCfpFW3USGFBnQLIeBIrp7SevvvRuEBQtlSw7mrlXgE1KEGXBz5RIOgnQIFUq4hErNmhPUbI8e3f_1ejDatKMCy56Z8mb9uVO5Ppq0fl4w7yLv:1uN0Cl:FVEqShZYMmcSDJt7KWEV5pHIXQQy2CXfgkwtzN0JmwQ	2025-06-04 23:19:43.429325-04
r65rgfrcv6j6m6lmke4362llohcq8hqg	.eJwly00KgCAQQOG7zFrCfpFW3USGFBnQLIeBIrp7SevvvRuEBQtlSw7mrlXgE1KEGXBz5RIOgnQIFUq4hErNmhPUbI8e3f_1ejDatKMCy56Z8mb9uVO5Ppq0fl4w7yLv:1uN0Cn:iVul4i-WSyk6V1LeAJjyRyzYIp0-2trLfG-ErMYx04E	2025-06-04 23:19:45.031347-04
22jsguitqliu5nf6wkrv6aax26qvnhk6	.eJwly00KgCAQQOG7zFrCfpFW3USGFBnQLIeBIrp7SevvvRuEBQtlSw7mrlXgE1KEGXBz5RIOgnQIFUq4hErNmhPUbI8e3f_1ejDatKMCy56Z8mb9uVO5Ppq0fl4w7yLv:1uN1M2:9vpvs36YaDglUiOq0nHg_48WjtT4q4-rCr1xEIwrvn8	2025-06-05 00:33:22.980347-04
fc68amnkahp9q9aax4059tnxwrhnn1po	.eJwly00KgCAQQOG7zFrCfpFW3USGFBnQLIeBIrp7SevvvRuEBQtlSw7mrlXgE1KEGXBz5RIOgnQIFUq4hErNmhPUbI8e3f_1ejDatKMCy56Z8mb9uVO5Ppq0fl4w7yLv:1uN2NO:715TyGEaDUrM07_O3oU_CGVsUAejnjKiltBpDc-ncws	2025-06-05 01:38:50.158895-04
w9kpoussde4sriqewf4w00br61t8o39g	.eJwly00KgCAQQOG7zFrCfpFW3USGFBnQLIeBIrp7SevvvRuEBQtlSw7mrlXgE1KEGXBz5RIOgnQIFUq4hErNmhPUbI8e3f_1ejDatKMCy56Z8mb9uVO5Ppq0fl4w7yLv:1uN3KJ:q48Hqyx8ng4eyoL0g9sUf_B6y7IEAx9k8nG4YVN-PNg	2025-06-05 02:39:43.394066-04
dioner30rduxly683vwlsj1f94za0h22	.eJwly00KgCAQQOG7zFrCfpFW3USGFBnQLIeBIrp7SevvvRuEBQtlSw7mrlXgE1KEGXBz5RIOgnQIFUq4hErNmhPUbI8e3f_1ejDatKMCy56Z8mb9uVO5Ppq0fl4w7yLv:1uNBE9:YASFs-K8IGPFrIIADcmieb7INm7yPj4tUVZUcKF6WQg	2025-06-05 11:05:53.341968-04
u6c4yy3ic9q7thv8a8113yuitxiic039	.eJwly00KgCAQQOG7zFrCfpFW3USGFBnQLIeBIrp7SevvvRuEBQtlSw7mrlXgE1KEGXBz5RIOgnQIFUq4hErNmhPUbI8e3f_1ejDatKMCy56Z8mb9uVO5Ppq0fl4w7yLv:1uNCMP:l4Vmo_x07JsXvx1u7umUqsa_6TJiOAPeAgcWWRATwpM	2025-06-05 12:18:29.723106-04
a8jxb5ns5luf26qywnii8b0t4sghnvm3	.eJwly00KgCAQQOG7zFrCfpFW3USGFBnQLIeBIrp7SevvvRuEBQtlSw7mrlXgE1KEGXBz5RIOgnQIFUq4hErNmhPUbI8e3f_1ejDatKMCy56Z8mb9uVO5Ppq0fl4w7yLv:1uNDMH:M9ThWf9KEKNA0-zYODOIRw-2XK7D9iIug7lvSBP-tBU	2025-06-05 13:22:25.917779-04
ldv2tbkzk5ovl2gho3m000048893tbto	.eJwly00KgCAQQOG7zFrCfpFW3USGFBnQLIeBIrp7SevvvRuEBQtlSw7mrlXgE1KEGXBz5RIOgnQIFUq4hErNmhPUbI8e3f_1ejDatKMCy56Z8mb9uVO5Ppq0fl4w7yLv:1uNDMQ:Y5aOxvj38rQYXbQfCRiXne6Ac5Xl3HJsRWt-Czqrie8	2025-06-05 13:22:34.933243-04
bkfkfbiu9urssn6ku0s512cisvf39vdr	.eJwly00KgCAQQOG7zFrCfpFW3USGFBnQLIeBIrp7SevvvRuEBQtlSw7mrlXgE1KEGXBz5RIOgnQIFUq4hErNmhPUbI8e3f_1ejDatKMCy56Z8mb9uVO5Ppq0fl4w7yLv:1uNEJo:ks287hbKce5YSEp8B3ADJg7vWzshXDZLWS1Al6xpxPQ	2025-06-05 14:23:56.552798-04
66gnliwruu111uolebkpkgnhkwnnjykv	.eJwly00KgCAQQOG7zFrCfpFW3USGFBnQLIeBIrp7SevvvRuEBQtlSw7mrlXgE1KEGXBz5RIOgnQIFUq4hErNmhPUbI8e3f_1ejDatKMCy56Z8mb9uVO5Ppq0fl4w7yLv:1uNFvZ:XvyclXFrxRlxGgcGVqHc3C-eOHpYCAW4cxBTwDRmSrk	2025-06-05 16:07:01.393798-04
fe0iwbmovyzmqluuvhb26a9q3m8uxlv1	.eJwly00KgCAQQOG7zFrCfpFW3USGFBnQLIeBIrp7SevvvRuEBQtlSw7mrlXgE1KEGXBz5RIOgnQIFUq4hErNmhPUbI8e3f_1ejDatKMCy56Z8mb9uVO5Ppq0fl4w7yLv:1uNGuY:y8wsvtUlJsaA44RGzdpIw1V3DxSpRc4bQ5a267l8lW4	2025-06-05 17:10:02.744905-04
g05qktn7gcyd9rofn80anufnzjpb02g7	.eJwly00KgCAQQOG7zFrCfpFW3USGFBnQLIeBIrp7SevvvRuEBQtlSw7mrlXgE1KEGXBz5RIOgnQIFUq4hErNmhPUbI8e3f_1ejDatKMCy56Z8mb9uVO5Ppq0fl4w7yLv:1uNL5p:XQtRjygHFzr1h3eM2psSkpUgi_2TmF37HkGyhw4p35A	2025-06-05 21:37:57.112621-04
2nvqqee0gev4m8yonphs4wdfaiavovn2	.eJwly00KgCAQQOG7zFrCfpFW3USGFBnQLIeBIrp7SevvvRuEBQtlSw7mrlXgE1KEGXBz5RIOgnQIFUq4hErNmhPUbI8e3f_1ejDatKMCy56Z8mb9uVO5Ppq0fl4w7yLv:1uNMMH:EsTucT1cyI5z5bCdF8d0mlAgq3CWJzzAROMMuIMHL30	2025-06-05 22:59:01.128723-04
urmq3cz2yl7464nn5swm99khut6o2r86	.eJwly00KgCAQQOG7zFrCfpFW3USGFBnQLIeBIrp7SevvvRuEBQtlSw7mrlXgE1KEGXBz5RIOgnQIFUq4hErNmhPUbI8e3f_1ejDatKMCy56Z8mb9uVO5Ppq0fl4w7yLv:1uNNVh:x4p3DmVXX4Y_hCEP2cWbRawOsC07zf-K1_HQE8CwEBc	2025-06-06 00:12:49.868972-04
79xec73gqi4fwhm2ykiu45ncnztjaq8c	.eJwly00KgCAQQOG7zFrCfpFW3USGFBnQLIeBIrp7SevvvRuEBQtlSw7mrlXgE1KEGXBz5RIOgnQIFUq4hErNmhPUbI8e3f_1ejDatKMCy56Z8mb9uVO5Ppq0fl4w7yLv:1uNOSL:2N00zy8I-Vasuwm6OBFdJDbDgFUNXzZbAjIyhKc2wIs	2025-06-06 01:13:25.205038-04
7jmfzju08uchqnatu3lrom7kxnohunqc	.eJwly00KgCAQQOG7zFrCfpFW3USGFBnQLIeBIrp7SevvvRuEBQtlSw7mrlXgE1KEGXBz5RIOgnQIFUq4hErNmhPUbI8e3f_1ejDatKMCy56Z8mb9uVO5Ppq0fl4w7yLv:1uNPQk:HIWQSvCqecvzMJYvWN_X_-YMYtBvvSJOBC9c2f3V0gg	2025-06-06 02:15:50.528571-04
4s0q9931g0x0obvq61nsmwkcscwwwr1h	.eJwly00KgCAQQOG7zFrCfpFW3USGFBnQLIeBIrp7SevvvRuEBQtlSw7mrlXgE1KEGXBz5RIOgnQIFUq4hErNmhPUbI8e3f_1ejDatKMCy56Z8mb9uVO5Ppq0fl4w7yLv:1uNhwF:VQzjoxhzd7iQpFyf4fizs9s4scA268gBn4QiaYMurYk	2025-06-06 22:01:35.532739-04
czmh3dcl25vrjnpslfj5afb4li3cz9m0	.eJwly00KgCAQQOG7zFrCfpFW3USGFBnQLIeBIrp7SevvvRuEBQtlSw7mrlXgE1KEGXBz5RIOgnQIFUq4hErNmhPUbI8e3f_1ejDatKMCy56Z8mb9uVO5Ppq0fl4w7yLv:1uNivK:bH9kraFM9MkWeMc4WATdSmGCJqsHH9gqGnP5awfJLt0	2025-06-06 23:04:42.643494-04
qw3bze0j8pyo4ob2mtpq02m576abx8nf	.eJwly00KgCAQQOG7zFrCfpFW3USGFBnQLIeBIrp7SevvvRuEBQtlSw7mrlXgE1KEGXBz5RIOgnQIFUq4hErNmhPUbI8e3f_1ejDatKMCy56Z8mb9uVO5Ppq0fl4w7yLv:1uNrRO:ZayIo4pCVg6-NCW3wXRrXYNQmxpBpsfPjZl5NXea5VM	2025-06-07 08:10:22.807521-04
ryy58qh60hka1q4v7ziwyol4s9dchof5	.eJwly00KgCAQQOG7zFrCfpFW3USGFBnQLIeBIrp7SevvvRuEBQtlSw7mrlXgE1KEGXBz5RIOgnQIFUq4hErNmhPUbI8e3f_1ejDatKMCy56Z8mb9uVO5Ppq0fl4w7yLv:1uNsTI:tnEe02EixutZhejIeVfxy_W_e_QPf2exFFhcHSEpal8	2025-06-07 09:16:24.100561-04
ekurws8ivcf0wzbpsi7dwh98tqvxtniu	.eJwly00KgCAQQOG7zFrCfpFW3USGFBnQLIeBIrp7SevvvRuEBQtlSw7mrlXgE1KEGXBz5RIOgnQIFUq4hErNmhPUbI8e3f_1ejDatKMCy56Z8mb9uVO5Ppq0fl4w7yLv:1uNtTX:RqZOfuLZdyiM-PbF8A4g6CPlGuAzooJFmkc4ME45aTI	2025-06-07 10:20:43.660181-04
elz3g24m6cfgv5yt8n8v0repdvdngrjj	.eJwly00KgCAQQOG7zFrCfpFW3USGFBnQLIeBIrp7SevvvRuEBQtlSw7mrlXgE1KEGXBz5RIOgnQIFUq4hErNmhPUbI8e3f_1ejDatKMCy56Z8mb9uVO5Ppq0fl4w7yLv:1uNuUv:qC1hsIMgqVL0Z15udJIReNfh3c-L0wc8kQcow6rWt5c	2025-06-07 11:26:13.047106-04
lnkpm5ppi9931jyjulrd4o8vz0yg5r53	.eJwly00KgCAQQOG7zFrCfpFW3USGFBnQLIeBIrp7SevvvRuEBQtlSw7mrlXgE1KEGXBz5RIOgnQIFUq4hErNmhPUbI8e3f_1ejDatKMCy56Z8mb9uVO5Ppq0fl4w7yLv:1uNvTv:sOU8DbphWcBv7FGBQGdMtVix-fsbpSPbMc1mIr7ul6w	2025-06-07 12:29:15.916404-04
hwmvs7ndr4fexv0evr9rqmq29hiwdm80	.eJwly00KgCAQQOG7zFrCfpFW3USGFBnQLIeBIrp7SevvvRuEBQtlSw7mrlXgE1KEGXBz5RIOgnQIFUq4hErNmhPUbI8e3f_1ejDatKMCy56Z8mb9uVO5Ppq0fl4w7yLv:1uNx8J:s2PCY7R43jra-M7U2fZHwkd9fiapBUGCa6pAovYCuqg	2025-06-07 14:15:03.821203-04
qacaq706nicc3m2me3wimwuavajgvmny	.eJwly00KgCAQQOG7zFrCfpFW3USGFBnQLIeBIrp7SevvvRuEBQtlSw7mrlXgE1KEGXBz5RIOgnQIFUq4hErNmhPUbI8e3f_1ejDatKMCy56Z8mb9uVO5Ppq0fl4w7yLv:1uNz9S:dgtcObFfopZikLaGjE_58ovacTEdLSUbGVJ02rO88BA	2025-06-07 16:24:22.193478-04
p55gitcao5gcy10p5c0zewywioafpi8o	.eJwly00KgCAQQOG7zFrCfpFW3USGFBnQLIeBIrp7SevvvRuEBQtlSw7mrlXgE1KEGXBz5RIOgnQIFUq4hErNmhPUbI8e3f_1ejDatKMCy56Z8mb9uVO5Ppq0fl4w7yLv:1uO0ai:SI-3oS7yEKJmWSxybU_rGApfSO4SKhjIYs4eRIf90a4	2025-06-07 17:56:36.215744-04
ydt5n27s2dh7fj7islcch8g5ka41b4ht	.eJwly00KgCAQQOG7zFrCfpFW3USGFBnQLIeBIrp7SevvvRuEBQtlSw7mrlXgE1KEGXBz5RIOgnQIFUq4hErNmhPUbI8e3f_1ejDatKMCy56Z8mb9uVO5Ppq0fl4w7yLv:1uO1k6:q9iR_nFqdB6XzosI1aYb0HYsiqVeCbcbJ1nCnSX9KFI	2025-06-07 19:10:22.220011-04
fqlkahhsxdkiycgn13nt976hungd1k41	.eJwly00KgCAQQOG7zFrCfpFW3USGFBnQLIeBIrp7SevvvRuEBQtlSw7mrlXgE1KEGXBz5RIOgnQIFUq4hErNmhPUbI8e3f_1ejDatKMCy56Z8mb9uVO5Ppq0fl4w7yLv:1uO36k:0MiGKkLgF9ReyS-HPS_k8U6GyweKAGr8sQOI5uDm0TY	2025-06-07 20:37:50.329301-04
saae8kk91tqqo6868ujsq0425131dt69	.eJwly00KgCAQQOG7zFrCfpFW3USGFBnQLIeBIrp7SevvvRuEBQtlSw7mrlXgE1KEGXBz5RIOgnQIFUq4hErNmhPUbI8e3f_1ejDatKMCy56Z8mb9uVO5Ppq0fl4w7yLv:1uO36m:g0A2SdADqyAmvXWyr2a4o1hAbqDdv5Gc-5WpBvHZr08	2025-06-07 20:37:52.239637-04
8zmum1u8ily9znsmg4mesd5h4hyftqs8	.eJwly00KgCAQQOG7zFrCfpFW3USGFBnQLIeBIrp7SevvvRuEBQtlSw7mrlXgE1KEGXBz5RIOgnQIFUq4hErNmhPUbI8e3f_1ejDatKMCy56Z8mb9uVO5Ppq0fl4w7yLv:1uO4EA:luHi1HD8d6pU7e1OL-W_NnTMxOSQrKUZeugQ-fgRAeA	2025-06-07 21:49:34.510096-04
79t666b14opwvz4fwz0hzlo9qqyhphjh	.eJwly00KgCAQQOG7zFrCfpFW3USGFBnQLIeBIrp7SevvvRuEBQtlSw7mrlXgE1KEGXBz5RIOgnQIFUq4hErNmhPUbI8e3f_1ejDatKMCy56Z8mb9uVO5Ppq0fl4w7yLv:1uO5Bc:EfzNCoWHKeQjxtqTRts8I95FWyHxZKOaqg6uZMYIQUY	2025-06-07 22:51:00.175168-04
hqu41s0ps415b7d5b347km7iso43a1ds	.eJwly00KgCAQQOG7zFrCfpFW3USGFBnQLIeBIrp7SevvvRuEBQtlSw7mrlXgE1KEGXBz5RIOgnQIFUq4hErNmhPUbI8e3f_1ejDatKMCy56Z8mb9uVO5Ppq0fl4w7yLv:1uO6wA:0RQ4Mz2NRrzB-8ooFnnHE8fihIJu4OQDdTy98m0PvJI	2025-06-08 00:43:10.730018-04
5wayfcj1thcpvip4qterr1e398t32qi2	.eJwly00KgCAQQOG7zFrCfpFW3USGFBnQLIeBIrp7SevvvRuEBQtlSw7mrlXgE1KEGXBz5RIOgnQIFUq4hErNmhPUbI8e3f_1ejDatKMCy56Z8mb9uVO5Ppq0fl4w7yLv:1uO8Tm:0T5qLZ-P4-UWrqm6kqNns3K5DABA6QlVO_vfakiWZbU	2025-06-08 02:21:58.820489-04
8mk3qlpdezmbej7crhj6pq2alf1pzxgs	.eJwly00KgCAQQOG7zFrCfpFW3USGFBnQLIeBIrp7SevvvRuEBQtlSw7mrlXgE1KEGXBz5RIOgnQIFUq4hErNmhPUbI8e3f_1ejDatKMCy56Z8mb9uVO5Ppq0fl4w7yLv:1uOFWC:d4vF53Sn4zi6QLOx1v5K4E4wxa30x5V3PVU4IGBPYT4	2025-06-08 09:52:56.064255-04
8iid33cv8na3hbhtql5uuobr6f8g2xqu	.eJwly00KgCAQQOG7zFrCfpFW3USGFBnQLIeBIrp7SevvvRuEBQtlSw7mrlXgE1KEGXBz5RIOgnQIFUq4hErNmhPUbI8e3f_1ejDatKMCy56Z8mb9uVO5Ppq0fl4w7yLv:1uOHdT:oTXHsKHOvmfh3BiNH-xLvEKtB3Q1oH5iEcKYaxr5HdQ	2025-06-08 12:08:35.647798-04
nqtu6fdaotcvp3g9nanc2dcwy3viqkox	.eJwly00KgCAQQOG7zFrCfpFW3USGFBnQLIeBIrp7SevvvRuEBQtlSw7mrlXgE1KEGXBz5RIOgnQIFUq4hErNmhPUbI8e3f_1ejDatKMCy56Z8mb9uVO5Ppq0fl4w7yLv:1uOJs9:Nps8Un0aNr66L6SwbvEAjdDelk1C3J-GeDGchMSO8dY	2025-06-08 14:31:53.943588-04
6hk8mc0e9so788krwrbyxbfsvu181cj0	.eJwly00KgCAQQOG7zFrCfpFW3USGFBnQLIeBIrp7SevvvRuEBQtlSw7mrlXgE1KEGXBz5RIOgnQIFUq4hErNmhPUbI8e3f_1ejDatKMCy56Z8mb9uVO5Ppq0fl4w7yLv:1uOMO5:U80pjGatAPjdmyJ86mgqu6ToJ2w6r7RDWd1D_VK7zus	2025-06-08 17:13:01.169399-04
ugawozerwtwbe4ykfpv9q1dzj0dua2ib	.eJwly00KgCAQQOG7zFrCfpFW3USGFBnQLIeBIrp7SevvvRuEBQtlSw7mrlXgE1KEGXBz5RIOgnQIFUq4hErNmhPUbI8e3f_1ejDatKMCy56Z8mb9uVO5Ppq0fl4w7yLv:1uONeZ:VEH1O1vZI2vMSjm3nxJ_LN-XQOqqklMB00A1dUk74Ns	2025-06-08 18:34:07.849099-04
8l2pjjgwkcwpz9xd8wgfam2yhe2jrlj7	.eJwly00KgCAQQOG7zFrCfpFW3USGFBnQLIeBIrp7SevvvRuEBQtlSw7mrlXgE1KEGXBz5RIOgnQIFUq4hErNmhPUbI8e3f_1ejDatKMCy56Z8mb9uVO5Ppq0fl4w7yLv:1uOSX3:XRUjc5sgXHZphs2MJIa_yE2MgI_9_ufSE36J8r8u6YM	2025-06-08 23:46:41.057035-04
5y8vgug3mklqkm045tcfszp621prmwgr	.eJwly00KgCAQQOG7zFrCfpFW3USGFBnQLIeBIrp7SevvvRuEBQtlSw7mrlXgE1KEGXBz5RIOgnQIFUq4hErNmhPUbI8e3f_1ejDatKMCy56Z8mb9uVO5Ppq0fl4w7yLv:1uOTgB:YqKqqpSeTIFy-9DE88S5DBfuL4a0F5-684HViOjtmWE	2025-06-09 01:00:11.697323-04
hmqo1j03n21ydet0ewngux9dvtg74814	.eJwly00KgCAQQOG7zFrCfpFW3USGFBnQLIeBIrp7SevvvRuEBQtlSw7mrlXgE1KEGXBz5RIOgnQIFUq4hErNmhPUbI8e3f_1ejDatKMCy56Z8mb9uVO5Ppq0fl4w7yLv:1uOUcT:u4op88-i8mEdhaAlfa5BhBJa9umsFz_ZXVYftHcImjM	2025-06-09 02:00:25.719848-04
pnk1codouaxf4nayruizqa3o38xna2qs	.eJwly00KgCAQQOG7zFrCfpFW3USGFBnQLIeBIrp7SevvvRuEBQtlSw7mrlXgE1KEGXBz5RIOgnQIFUq4hErNmhPUbI8e3f_1ejDatKMCy56Z8mb9uVO5Ppq0fl4w7yLv:1uOVgy:uGd7-V6-eeMXF6kMIQhcBHakcNximyRbEyL2MC9WO6U	2025-06-09 03:09:08.624301-04
gre75x7t4w0h390m4sg4ajbo0jws5uwa	eyJ1c3VhcmlvX2lkIjoyMywiZW1haWwiOiIxYUBnbWFpbC5jb20iLCJlbXBsZWFkb19pZCI6MTI4MTgyOTQsIl9zZXNzaW9uX2V4cGlyeSI6MzYwMH0:1uOXNj:fLIigIN2eTH2IhCo4TJ4rhWj3qw7IRZigSjPPubjMP0	2025-06-09 04:57:23.172104-04
1h2c4dbfq94c0argz13nwm6xioar15u3	.eJwly00KgCAQQOG7zFrCfpFW3USGFBnQLIeBIrp7SevvvRuEBQtlSw7mrlXgE1KEGXBz5RIOgnQIFUq4hErNmhPUbI8e3f_1ejDatKMCy56Z8mb9uVO5Ppq0fl4w7yLv:1uOYXe:EST2jJMNsuJF-xYuhnYI5kM9Yf-O6W4RgBL-9EntMSI	2025-06-09 06:11:42.155186-04
b2qfwmw25qo23usvawfg7nacsjgdgokv	.eJwly00KgCAQQOG7zFrCfpFW3USGFBnQLIeBIrp7SevvvRuEBQtlSw7mrlXgE1KEGXBz5RIOgnQIFUq4hErNmhPUbI8e3f_1ejDatKMCy56Z8mb9uVO5Ppq0fl4w7yLv:1uOfUW:mtcGCvB4NOn66Mh2q28o8jxEHZFLPhNgs1PrNbDo5Xo	2025-06-09 13:36:56.764668-04
76wtpr655z3hvncheu4vs10rwj1sr6z1	.eJwly00KgCAQQOG7zFrCfpFW3USGFBnQLIeBIrp7SevvvRuEBQtlSw7mrlXgE1KEGXBz5RIOgnQIFUq4hErNmhPUbI8e3f_1ejDatKMCy56Z8mb9uVO5Ppq0fl4w7yLv:1uOgiD:AhPpcXGTyJ7synzuP5m7DFBM-xae1XtK1TQMhR4niII	2025-06-09 14:55:09.964154-04
t3zpudz8ddmc9gjntuezmvfbl9vj9tsy	.eJwly00KgCAQQOG7zFrCfpFW3USGFBnQLIeBIrp7SevvvRuEBQtlSw7mrlXgE1KEGXBz5RIOgnQIFUq4hErNmhPUbI8e3f_1ejDatKMCy56Z8mb9uVO5Ppq0fl4w7yLv:1uOlrr:BHUk-HtioflcfxGKoR9lNzfbxhsG2QAUYYFkglJdluc	2025-06-09 20:25:27.942526-04
q27t3dyb2exjfhbcb2lhban0aic95plq	.eJwly00KgCAQQOG7zFrCfpFW3USGFBnQLIeBIrp7SevvvRuEBQtlSw7mrlXgE1KEGXBz5RIOgnQIFUq4hErNmhPUbI8e3f_1ejDatKMCy56Z8mb9uVO5Ppq0fl4w7yLv:1uOmqN:KHpnpMDGSVto9y0TMQU48EdL0yuleh_h-UrZ23pHT_A	2025-06-09 21:27:59.496817-04
ebyi5orr56yea7svv13ohefjl2g5ssfq	.eJwly00KgCAQQOG7zFrCfpFW3USGFBnQLIeBIrp7SevvvRuEBQtlSw7mrlXgE1KEGXBz5RIOgnQIFUq4hErNmhPUbI8e3f_1ejDatKMCy56Z8mb9uVO5Ppq0fl4w7yLv:1uOo5a:Fz8WeNmM0VExoXKLR2BiXgRSQcNs_vcSBuOBxkySYCU	2025-06-09 22:47:46.24099-04
gmfg8ppaux6ari6y8jjg9bonjz8cz8oe	.eJwly00KgCAQQOG7zFrCfpFW3USGFBnQLIeBIrp7SevvvRuEBQtlSw7mrlXgE1KEGXBz5RIOgnQIFUq4hErNmhPUbI8e3f_1ejDatKMCy56Z8mb9uVO5Ppq0fl4w7yLv:1uOtxV:Yc3taZErOestgDsvZb3K3R4SijSOCSdrTcCcZ0RN3cU	2025-06-10 05:03:49.699673-04
7qspkimfwke1kjd2chsl7q12okcde8c3	.eJwly00KgCAQQOG7zFrCfpFW3USGFBnQLIeBIrp7SevvvRuEBQtlSw7mrlXgE1KEGXBz5RIOgnQIFUq4hErNmhPUbI8e3f_1ejDatKMCy56Z8mb9uVO5Ppq0fl4w7yLv:1uOv8X:lhIn8v56jIDFiBvZH8Fd1wMcoQIgJ1pUqg9I_qAZmzQ	2025-06-10 06:19:17.891929-04
eopum5odlncx1iaf4v0sy1srot9aeyg9	.eJwly00KgCAQQOG7zFrCfpFW3USGFBnQLIeBIrp7SevvvRuEBQtlSw7mrlXgE1KEGXBz5RIOgnQIFUq4hErNmhPUbI8e3f_1ejDatKMCy56Z8mb9uVO5Ppq0fl4w7yLv:1uP0HU:X3lqg-X8g25s57bETla9a8m3xTpPgDKx9J6i06ebtkY	2025-06-10 11:48:52.927515-04
uv9mfdhfbqg4fqdierjryha1upzuvwqi	.eJwly00KgCAQQOG7zFrCfpFW3USGFBnQLIeBIrp7SevvvRuEBQtlSw7mrlXgE1KEGXBz5RIOgnQIFUq4hErNmhPUbI8e3f_1ejDatKMCy56Z8mb9uVO5Ppq0fl4w7yLv:1uP1Gf:-LOZtLYdFl4TUI7k5YCq7-dMC1OtaZC7KkMkeM-oLLo	2025-06-10 12:52:05.331081-04
k4lnaimj4ef4imf0htghqsz5zb7qf5w8	.eJwly00KgCAQQOG7zFrCfpFW3USGFBnQLIeBIrp7SevvvRuEBQtlSw7mrlXgE1KEGXBz5RIOgnQIFUq4hErNmhPUbI8e3f_1ejDatKMCy56Z8mb9uVO5Ppq0fl4w7yLv:1uP2Dd:sFH13T3zX1ieb1HW2XHkkP3ULYY4OyIQh6NTfbKGnjY	2025-06-10 13:53:01.619053-04
2jq9qu5dj4zzbeymqz9jfndczlxyswhw	.eJwly00KgCAQQOG7zFrCfpFW3USGFBnQLIeBIrp7SevvvRuEBQtlSw7mrlXgE1KEGXBz5RIOgnQIFUq4hErNmhPUbI8e3f_1ejDatKMCy56Z8mb9uVO5Ppq0fl4w7yLv:1uP4LQ:Qy0QfZxnpdaL7-12svlYCicOE_MKI9y9BfgdkGqWltc	2025-06-10 16:09:12.313892-04
0foe7pzkd01rv6fw88jmem23x8e7wj02	.eJwly00KgCAQQOG7zFrCfpFW3USGFBnQLIeBIrp7SevvvRuEBQtlSw7mrlXgE1KEGXBz5RIOgnQIFUq4hErNmhPUbI8e3f_1ejDatKMCy56Z8mb9uVO5Ppq0fl4w7yLv:1uP5WX:KdR5gE7BQzFB9Oivig2Pu-TQAmlK_ctUgjoZM4RR3gs	2025-06-10 17:24:45.766206-04
g5onbb1ir1gij5jy1ridnzgcmn75gccx	.eJwly00KgCAQQOG7zFrCfpFW3USGFBnQLIeBIrp7SevvvRuEBQtlSw7mrlXgE1KEGXBz5RIOgnQIFUq4hErNmhPUbI8e3f_1ejDatKMCy56Z8mb9uVO5Ppq0fl4w7yLv:1uP7pG:p1Ga527fDlRmNGpCgcrI2DRzhnzNOlOnncpeqxvmOxw	2025-06-10 19:52:14.882015-04
xk4gjjfzqm83dd79qa23lzum4ctk69u6	.eJwly00KgCAQQOG7zFrCfpFW3USGFBnQLIeBIrp7SevvvRuEBQtlSw7mrlXgE1KEGXBz5RIOgnQIFUq4hErNmhPUbI8e3f_1ejDatKMCy56Z8mb9uVO5Ppq0fl4w7yLv:1uPBCR:z9nqazrgJdt4fP6U3kuk2wE5Zz5aIi8oIEsb7PVyxmo	2025-06-10 23:28:23.590737-04
6yph1dk2n1h6n8azzgeyqqdiaecenpcy	.eJwly00KgCAQQOG7zFrCfpFW3USGFBnQLIeBIrp7SevvvRuEBQtlSw7mrlXgE1KEGXBz5RIOgnQIFUq4hErNmhPUbI8e3f_1ejDatKMCy56Z8mb9uVO5Ppq0fl4w7yLv:1uPJa2:CHiKB53jAGTCXAitx0LT6sGsar1DQMZZ8vN9tdQnB1E	2025-06-11 08:25:18.408587-04
enzhxaf2ovwdte6wse6jjku2wq9avz34	.eJwly00KgCAQQOG7zFrCfpFW3USGFBnQLIeBIrp7SevvvRuEBQtlSw7mrlXgE1KEGXBz5RIOgnQIFUq4hErNmhPUbI8e3f_1ejDatKMCy56Z8mb9uVO5Ppq0fl4w7yLv:1uPW7N:v4HzRKrfXoSMeNG7or516ObImMr-3MdRtwLedqtjI5w	2025-06-11 21:48:33.085464-04
45ogqoy8bb1sid6hhr7nnov2jguo0y9e	.eJwly00KgCAQQOG7zFrCfpFW3USGFBnQLIeBIrp7SevvvRuEBQtlSw7mrlXgE1KEGXBz5RIOgnQIFUq4hErNmhPUbI8e3f_1ejDatKMCy56Z8mb9uVO5Ppq0fl4w7yLv:1uPZzA:2ie8x4h7hyRN-v0WjyQnJLH6cfk9PMDa5twRIUvsJqE	2025-06-12 01:56:20.876725-04
4caya0oho1a9qbwbgornd66uw9p7yz0n	.eJwly00KgCAQQOG7zFrCfpFW3USGFBnQLIeBIrp7SevvvRuEBQtlSw7mrlXgE1KEGXBz5RIOgnQIFUq4hErNmhPUbI8e3f_1ejDatKMCy56Z8mb9uVO5Ppq0fl4w7yLv:1uPnkf:gf6IaCcgQhbRRKCiD0vElofWpM6tYrVWX1pzRuPcQ0Q	2025-06-12 16:38:17.082564-04
hy5g871ohmwwdcfsy881khnzbfz38y9g	.eJwly00KgCAQQOG7zFrCfpFW3USGFBnQLIeBIrp7SevvvRuEBQtlSw7mrlXgE1KEGXBz5RIOgnQIFUq4hErNmhPUbI8e3f_1ejDatKMCy56Z8mb9uVO5Ppq0fl4w7yLv:1uQ9nS:PjWYSWYSrQ9DJokJyiA97MSEFHCw2A93BDThzafQ5jU	2025-06-13 16:10:38.823489-04
37bxeztwfndivda47hbai78l46t5n84s	.eJwly00KgCAQQOG7zFrCfpFW3USGFBnQLIeBIrp7SevvvRuEBQtlSw7mrlXgE1KEGXBz5RIOgnQIFUq4hErNmhPUbI8e3f_1ejDatKMCy56Z8mb9uVO5Ppq0fl4w7yLv:1uQAlv:7mVXh3zQ0kOZJjkwUg5utSDZfiaHhVa8L8tRmPT6J30	2025-06-13 17:13:07.427275-04
rnxwjvgejl7elgogadiqps1q6bsgkd36	.eJwly00KgCAQQOG7zFrCfpFW3USGFBnQLIeBIrp7SevvvRuEBQtlSw7mrlXgE1KEGXBz5RIOgnQIFUq4hErNmhPUbI8e3f_1ejDatKMCy56Z8mb9uVO5Ppq0fl4w7yLv:1uQCHV:OUO0LZNh_wj2VVCgjPipiDLwgMbmFCGAjCOf7UhqUFk	2025-06-13 18:49:49.001431-04
0amlixrvlhg67q9lpbth2yliskkvamd9	.eJwly00KgCAQQOG7zFrCfpFW3USGFBnQLIeBIrp7SevvvRuEBQtlSw7mrlXgE1KEGXBz5RIOgnQIFUq4hErNmhPUbI8e3f_1ejDatKMCy56Z8mb9uVO5Ppq0fl4w7yLv:1uQDKO:4UYbRsKzbvzw2h8BVl3CxvykGRdQMOdrDfQyYTZ9rTU	2025-06-13 19:56:52.899205-04
p0qjv2n6agi1n7qoh59uz50c2dr3fgao	.eJwly00KgCAQQOG7zFrCfpFW3USGFBnQLIeBIrp7SevvvRuEBQtlSw7mrlXgE1KEGXBz5RIOgnQIFUq4hErNmhPUbI8e3f_1ejDatKMCy56Z8mb9uVO5Ppq0fl4w7yLv:1uQEGn:ybT8x0A7O8N_Z70IMx11FV8CqypMnPfticVIAD3rW04	2025-06-13 20:57:13.946979-04
glg1r02nzj7dbylqtcqbtec6covtyg5g	.eJwly00KgCAQQOG7zFrCfpFW3USGFBnQLIeBIrp7SevvvRuEBQtlSw7mrlXgE1KEGXBz5RIOgnQIFUq4hErNmhPUbI8e3f_1ejDatKMCy56Z8mb9uVO5Ppq0fl4w7yLv:1uQFRz:_niCrA8T9LYHJmMmigUMt_OCWCjrwRkejf_SbFKHup0	2025-06-13 22:12:51.101032-04
nyqvqcfneou4drqnap3px4e5rmvwqcw6	.eJwly00KgCAQQOG7zFrCfpFW3USGFBnQLIeBIrp7SevvvRuEBQtlSw7mrlXgE1KEGXBz5RIOgnQIFUq4hErNmhPUbI8e3f_1ejDatKMCy56Z8mb9uVO5Ppq0fl4w7yLv:1uQHUq:rrKjswAYMeHHU2OTwCx-2APkG3WcJ5RIz64_jWUSxwE	2025-06-14 00:23:56.242743-04
6j43o9v3qs4flta9amtfsa6f16hb3vqc	.eJwly00KgCAQQOG7zFrCfpFW3USGFBnQLIeBIrp7SevvvRuEBQtlSw7mrlXgE1KEGXBz5RIOgnQIFUq4hErNmhPUbI8e3f_1ejDatKMCy56Z8mb9uVO5Ppq0fl4w7yLv:1uQPCy:yLKgiUKRMvSv_boA45cyPzwA2W-s7Ks1lh1lxtCLpjQ	2025-06-14 08:38:00.39945-04
nisxmhutc9ofvyu9fe550g3mei7gv4dg	.eJwly00KgCAQQOG7zFrCfpFW3USGFBnQLIeBIrp7SevvvRuEBQtlSw7mrlXgE1KEGXBz5RIOgnQIFUq4hErNmhPUbI8e3f_1ejDatKMCy56Z8mb9uVO5Ppq0fl4w7yLv:1uQQAE:aI4L-Gd7zUPa53XPMkua2fg1EPgAW4R0dRWiJhcbBB0	2025-06-14 09:39:14.324297-04
7v9lp7bi94vdm7km7y46077pl2288fdj	.eJwly00KgCAQQOG7zFrCfpFW3USGFBnQLIeBIrp7SevvvRuEBQtlSw7mrlXgE1KEGXBz5RIOgnQIFUq4hErNmhPUbI8e3f_1ejDatKMCy56Z8mb9uVO5Ppq0fl4w7yLv:1uQRHt:wKzjY_gxiWhKzuh_M3vCrqSjk5tFF6KBjJWVE0lXQak	2025-06-14 10:51:13.411744-04
21yiuvma0z0erzzdncym8oi6teb1g2wp	.eJwly00KgCAQQOG7zFrCfpFW3USGFBnQLIeBIrp7SevvvRuEBQtlSw7mrlXgE1KEGXBz5RIOgnQIFUq4hErNmhPUbI8e3f_1ejDatKMCy56Z8mb9uVO5Ppq0fl4w7yLv:1uQSEu:lPI4YArAYT_I4LvlcA3JV0m8dg_HODLbibovDusSdeo	2025-06-14 11:52:12.746613-04
lkonlelxri6hhsm7aqan66qkm4lukw94	.eJwly00KgCAQQOG7zFrCfpFW3USGFBnQLIeBIrp7SevvvRuEBQtlSw7mrlXgE1KEGXBz5RIOgnQIFUq4hErNmhPUbI8e3f_1ejDatKMCy56Z8mb9uVO5Ppq0fl4w7yLv:1uQTlq:NYQr6g-8CAWq7Ay7ccvGhB70iEaNqm6hY5DDCXgpxas	2025-06-14 13:30:18.366864-04
hs3rin028ddjhh2loi7at873ewalrqcx	.eJwly00KgCAQQOG7zFrCfpFW3USGFBnQLIeBIrp7SevvvRuEBQtlSw7mrlXgE1KEGXBz5RIOgnQIFUq4hErNmhPUbI8e3f_1ejDatKMCy56Z8mb9uVO5Ppq0fl4w7yLv:1uQUjv:UwUp-MYFECaRQSr9b3bcYNQWB8_O3idqiCOuJLYIe78	2025-06-14 14:32:23.59117-04
04f7jkvthg0769vzo8cwklywdl5nhapq	.eJwly00KgCAQQOG7zFrCfpFW3USGFBnQLIeBIrp7SevvvRuEBQtlSw7mrlXgE1KEGXBz5RIOgnQIFUq4hErNmhPUbI8e3f_1ejDatKMCy56Z8mb9uVO5Ppq0fl4w7yLv:1uQVnY:DL7ZxHUZRPnJC28ir9mrgvUe0YcPA96Od49YQcMRQZw	2025-06-14 15:40:12.985539-04
1arzhbsshq3lnhzllia1isy4ns63zrjj	.eJwly00KgCAQQOG7zFrCfpFW3USGFBnQLIeBIrp7SevvvRuEBQtlSw7mrlXgE1KEGXBz5RIOgnQIFUq4hErNmhPUbI8e3f_1ejDatKMCy56Z8mb9uVO5Ppq0fl4w7yLv:1uQXNV:gmmDl4GqWfQV8EsEaIt392mR7-1DW8XU1MtFtzjXbYg	2025-06-14 17:21:25.764922-04
uvs39oq3q2k2h5e4j7lhkv4a3wuvjbqj	.eJwly00KgCAQQOG7zFrCfpFW3USGFBnQLIeBIrp7SevvvRuEBQtlSw7mrlXgE1KEGXBz5RIOgnQIFUq4hErNmhPUbI8e3f_1ejDatKMCy56Z8mb9uVO5Ppq0fl4w7yLv:1uQYhq:9QzSc51zfK1fa0tB1aT7y-FySWg3OBOy5_3U44j3YsE	2025-06-14 18:46:30.896232-04
dy87bi1j4ljwpdjivdg08jv7iskl8udk	.eJwly00KgCAQQOG7zFrCfpFW3USGFBnQLIeBIrp7SevvvRuEBQtlSw7mrlXgE1KEGXBz5RIOgnQIFUq4hErNmhPUbI8e3f_1ejDatKMCy56Z8mb9uVO5Ppq0fl4w7yLv:1uQZit:cOwR9lHmUg2jKpspIEV5zPYXmeeeijAiWXAVMPWb4ls	2025-06-14 19:51:39.64629-04
ij75yel75r7kc3vm4qz6etm80thep7pv	.eJwly00KgCAQQOG7zFrCfpFW3USGFBnQLIeBIrp7SevvvRuEBQtlSw7mrlXgE1KEGXBz5RIOgnQIFUq4hErNmhPUbI8e3f_1ejDatKMCy56Z8mb9uVO5Ppq0fl4w7yLv:1uQaz5:fS7ZiSJY0mKCC9DgCJKIk_pqJ__0RPiKO-ohAo0pl-w	2025-06-14 21:12:27.389354-04
6bjo6oyv0zv8822weeltx2b7heyh4cbp	.eJwly00KgCAQQOG7zFrCfpFW3USGFBnQLIeBIrp7SevvvRuEBQtlSw7mrlXgE1KEGXBz5RIOgnQIFUq4hErNmhPUbI8e3f_1ejDatKMCy56Z8mb9uVO5Ppq0fl4w7yLv:1uQc8s:D_M5yODE_EKQWp_q5GQm23xPHfDFdco0JMbQb_PxVOw	2025-06-14 22:26:38.010023-04
vd8ncklk6a8xgk4kdxmlok8z6lb80eta	.eJwly00KgCAQQOG7zFrCfpFW3USGFBnQLIeBIrp7SevvvRuEBQtlSw7mrlXgE1KEGXBz5RIOgnQIFUq4hErNmhPUbI8e3f_1ejDatKMCy56Z8mb9uVO5Ppq0fl4w7yLv:1uQdXS:-t1uqXEn8D5X10FwQVl90H6E--vYrK5WtKr5eTHNFMM	2025-06-14 23:56:06.337962-04
6ebswrl3cyjt2j9a0upsa2ryjjz87dp4	.eJwly00KgCAQQOG7zFrCfpFW3USGFBnQLIeBIrp7SevvvRuEBQtlSw7mrlXgE1KEGXBz5RIOgnQIFUq4hErNmhPUbI8e3f_1ejDatKMCy56Z8mb9uVO5Ppq0fl4w7yLv:1uQed8:X9n94AbsVHCr2UgRbbsTbKE8LKVexxPotJ6U49fS-2Y	2025-06-15 01:06:02.751466-04
sq2ed3acprnsbtch3defu2ja7yzb6l43	.eJwly00KgCAQQOG7zFrCfpFW3USGFBnQLIeBIrp7SevvvRuEBQtlSw7mrlXgE1KEGXBz5RIOgnQIFUq4hErNmhPUbI8e3f_1ejDatKMCy56Z8mb9uVO5Ppq0fl4w7yLv:1uQfrC:wkwGwN4-r_N8Z7Bil21uIrsvXHNxQ6wKLe43v6ezw3s	2025-06-15 02:24:38.363924-04
skd4y6zowqwvji3qysppbxgxz6eybvqi	.eJwly00KgCAQQOG7zFrCfpFW3USGFBnQLIeBIrp7SevvvRuEBQtlSw7mrlXgE1KEGXBz5RIOgnQIFUq4hErNmhPUbI8e3f_1ejDatKMCy56Z8mb9uVO5Ppq0fl4w7yLv:1uQiHO:ckq8fmMNDY4E3YNnzskPc2NMIHbsOpSo1O850CtmrCo	2025-06-15 04:59:50.87741-04
xbqnyhx30ccattwwbtp3xziptr3m4879	.eJwly00KgCAQQOG7zFrCfpFW3USGFBnQLIeBIrp7SevvvRuEBQtlSw7mrlXgE1KEGXBz5RIOgnQIFUq4hErNmhPUbI8e3f_1ejDatKMCy56Z8mb9uVO5Ppq0fl4w7yLv:1uQoTO:Ak84Q0THhTyknbWUwnzFQ8Cq6pWr4TLpOQIVUT67zU8	2025-06-15 11:36:38.655752-04
8dnaeakqnek4farmzg7waxd0e6rfawsh	.eJwly00KgCAQQOG7zFrCfpFW3USGFBnQLIeBIrp7SevvvRuEBQtlSw7mrlXgE1KEGXBz5RIOgnQIFUq4hErNmhPUbI8e3f_1ejDatKMCy56Z8mb9uVO5Ppq0fl4w7yLv:1uQpvT:Sjit5omaz733Jbm-x0D0YJVSr9gK2GcrbPT5DAr0WKM	2025-06-15 13:09:43.083334-04
hkk6cd98wr2f4tsazp17qlw9042uwmsj	.eJwly00KgCAQQOG7zFrCfpFW3USGFBnQLIeBIrp7SevvvRuEBQtlSw7mrlXgE1KEGXBz5RIOgnQIFUq4hErNmhPUbI8e3f_1ejDatKMCy56Z8mb9uVO5Ppq0fl4w7yLv:1uQqy5:StOxYPq6FKqzPPsOn3d3zdkFNXMi7-W-bNxu7A4etFU	2025-06-15 14:16:29.508163-04
zuhevy1mg4gcl6rjns6urkrzhexufzrp	.eJwly00KgCAQQOG7zFrCfpFW3USGFBnQLIeBIrp7SevvvRuEBQtlSw7mrlXgE1KEGXBz5RIOgnQIFUq4hErNmhPUbI8e3f_1ejDatKMCy56Z8mb9uVO5Ppq0fl4w7yLv:1uQsDw:okAO7eYL1L-cIZcRQrd-VcJtgIlmdyqBZDgY_FX6GRQ	2025-06-15 15:36:56.724287-04
ausizhp5vko4ctg6hr31j9x70oqbx0wh	.eJwly00KgCAQQOG7zFrCfpFW3USGFBnQLIeBIrp7SevvvRuEBQtlSw7mrlXgE1KEGXBz5RIOgnQIFUq4hErNmhPUbI8e3f_1ejDatKMCy56Z8mb9uVO5Ppq0fl4w7yLv:1uQtKr:31R1Ony0dINsYmna2SvtjjkIkkax7w9yz8S0uKVBdUI	2025-06-15 16:48:09.553161-04
rodcdtgvyg9s5aomqma5r87vepctmz34	.eJwly00KgCAQQOG7zFrCfpFW3USGFBnQLIeBIrp7SevvvRuEBQtlSw7mrlXgE1KEGXBz5RIOgnQIFUq4hErNmhPUbI8e3f_1ejDatKMCy56Z8mb9uVO5Ppq0fl4w7yLv:1uQuPI:M6buDX0nQONcgBJTjbrH6Q4CFsjgBpyhLVzdYkx6adk	2025-06-15 17:56:48.394689-04
yvam96c7iwov0oe3ekrmztarcba04tuf	.eJwly00KgCAQQOG7zFrCfpFW3USGFBnQLIeBIrp7SevvvRuEBQtlSw7mrlXgE1KEGXBz5RIOgnQIFUq4hErNmhPUbI8e3f_1ejDatKMCy56Z8mb9uVO5Ppq0fl4w7yLv:1uQvYk:GH-41GQVbw-KRGziulxI3pvftWDBS3qBBDIjXp7omz4	2025-06-15 19:10:38.689009-04
58kaj2rc7xuivgxzioffytyd8jc3cqse	.eJwly00KgCAQQOG7zFrCfpFW3USGFBnQLIeBIrp7SevvvRuEBQtlSw7mrlXgE1KEGXBz5RIOgnQIFUq4hErNmhPUbI8e3f_1ejDatKMCy56Z8mb9uVO5Ppq0fl4w7yLv:1uQwYo:GKM8IUtduluD0n11DEhK1YRCRjw3h03ofwp742gDUdw	2025-06-15 20:14:46.822254-04
32viego3c14algjyftaunsa23ktvby8a	.eJwly00KgCAQQOG7zFrCfpFW3USGFBnQLIeBIrp7SevvvRuEBQtlSw7mrlXgE1KEGXBz5RIOgnQIFUq4hErNmhPUbI8e3f_1ejDatKMCy56Z8mb9uVO5Ppq0fl4w7yLv:1uQxV2:mQCCHSfVketquzNc2b-YbRG_DelEDJRYBJmu3la8eDM	2025-06-15 21:14:56.76377-04
zijbe2g94frjztwh7vgdrk1pz0479loq	.eJwly00KgCAQQOG7zFrCfpFW3USGFBnQLIeBIrp7SevvvRuEBQtlSw7mrlXgE1KEGXBz5RIOgnQIFUq4hErNmhPUbI8e3f_1ejDatKMCy56Z8mb9uVO5Ppq0fl4w7yLv:1uQyWM:zJHq-J6yIRcuuMWhwpG8-LpQ0PEghRRUt0f3r-5m1Wc	2025-06-15 22:20:22.296846-04
5wwbo2y1hkhb2gr0acfdpj460sqhzhyi	.eJwly00KgCAQQOG7zFrCfpFW3USGFBnQLIeBIrp7SevvvRuEBQtlSw7mrlXgE1KEGXBz5RIOgnQIFUq4hErNmhPUbI8e3f_1ejDatKMCy56Z8mb9uVO5Ppq0fl4w7yLv:1uQzgG:D4fVnhDv3qq9jTszWngiw2P5ML1ukUv10fXL4bjNzqc	2025-06-15 23:34:40.355258-04
jqn42v4jfk2exnn2j2rzneln8o1o0if5	.eJwly00KgCAQQOG7zFrCfpFW3USGFBnQLIeBIrp7SevvvRuEBQtlSw7mrlXgE1KEGXBz5RIOgnQIFUq4hErNmhPUbI8e3f_1ejDatKMCy56Z8mb9uVO5Ppq0fl4w7yLv:1uR1n4:pyK0G5ES2t6SBaM1kWKPIPHnvXUFfsH5SkyWGcksAEg	2025-06-16 01:49:50.026607-04
ykziazumy3pdkgeycl0cxaw6ahxeupca	.eJwly00KgCAQQOG7zFrCfpFW3USGFBnQLIeBIrp7SevvvRuEBQtlSw7mrlXgE1KEGXBz5RIOgnQIFUq4hErNmhPUbI8e3f_1ejDatKMCy56Z8mb9uVO5Ppq0fl4w7yLv:1uR2tO:QwLiB0eKVAL1iSy4gvlJ-L6QihAA7sIJVWafU5a53uk	2025-06-16 03:00:26.435152-04
hfmudwqrn3mqgm7l3jsh4f0d8tk2vi1j	.eJwly00KgCAQQOG7zFrCfpFW3USGFBnQLIeBIrp7SevvvRuEBQtlSw7mrlXgE1KEGXBz5RIOgnQIFUq4hErNmhPUbI8e3f_1ejDatKMCy56Z8mb9uVO5Ppq0fl4w7yLv:1uR3tX:WRc-5RRGdp-zgTru-rq6DX80w7PBcqJfqxgiXZtLPmU	2025-06-16 04:04:39.420784-04
w6vyq68g8n95xfne4f6qrj5269c3ernj	.eJwly00KgCAQQOG7zFrCfpFW3USGFBnQLIeBIrp7SevvvRuEBQtlSw7mrlXgE1KEGXBz5RIOgnQIFUq4hErNmhPUbI8e3f_1ejDatKMCy56Z8mb9uVO5Ppq0fl4w7yLv:1uR4zz:5Js1sch1WdkaewHnQcWVZiTv1NVG02h_W3J5fw3CF8A	2025-06-16 05:15:23.560296-04
jsccai0g8zgxx0halq24e4tukvgi6cfc	.eJwly00KgCAQQOG7zFrCfpFW3USGFBnQLIeBIrp7SevvvRuEBQtlSw7mrlXgE1KEGXBz5RIOgnQIFUq4hErNmhPUbI8e3f_1ejDatKMCy56Z8mb9uVO5Ppq0fl4w7yLv:1uR9nO:x0TR2SoYR6cv1ewf4KHhXcbCiBpXZv7ZlQYPRXUuzb8	2025-06-16 10:22:42.432364-04
9rqh8y0qkjf5nsyoeiape5tetl2csuqb	.eJwly00KgCAQQOG7zFrCfpFW3USGFBnQLIeBIrp7SevvvRuEBQtlSw7mrlXgE1KEGXBz5RIOgnQIFUq4hErNmhPUbI8e3f_1ejDatKMCy56Z8mb9uVO5Ppq0fl4w7yLv:1uRH7I:i5HR-SVc5zU6HJ8ODI9D3oUDn_k2SohA422Cvsdu_vU	2025-06-16 18:11:44.425142-04
bpuhvftn1am86ssguezyjr2jspgm22t9	.eJwly00KgCAQQOG7zFrCfpFW3USGFBnQLIeBIrp7SevvvRuEBQtlSw7mrlXgE1KEGXBz5RIOgnQIFUq4hErNmhPUbI8e3f_1ejDatKMCy56Z8mb9uVO5Ppq0fl4w7yLv:1uRIqa:8iwIxvXLOsRO99HTDsV_xsX-P994q8Pzr1jipDbfGzQ	2025-06-16 20:02:36.92614-04
onsz5i0m80zb7zkpq56z69yocmjdut7t	.eJwly00KgCAQQOG7zFrCfpFW3USGFBnQLIeBIrp7SevvvRuEBQtlSw7mrlXgE1KEGXBz5RIOgnQIFUq4hErNmhPUbI8e3f_1ejDatKMCy56Z8mb9uVO5Ppq0fl4w7yLv:1uRKEG:HFaUoVV8iZwfINnzi9-iL1pEIoofAF3rWElCF3sQY0o	2025-06-16 21:31:08.239819-04
\.


--
-- Data for Name: empleados; Type: TABLE DATA; Schema: public; Owner: postgres
--

COPY public.empleados (cedula, primer_nombre, primer_apellido, segundo_nombre, segundo_apellido, tipo_identificacion, actualizado_en, conyuge, direccion, email, estado_civil, fecha_ingreso, fecha_nacimiento, genero, grado_instruccion, hijos, lugar_nacimiento, rif, status, telefono_principal, telefono_secundario, tipo_trabajador_id, cargo_id, nivel_salarial_id) FROM stdin;
30480815	andryus	guaiquirima	jose	cermeño	V	2025-05-19 15:11:46.593195-04	t	Guanta	andryusguaiquirima@gmail.com	S	2023-08-03	2002-12-27	M	TSU	0	Aragua de Barcelona	V304808159	t	04248469993	04165804027	1	1	1
30752547	adrian	perez	alexander	rodriguez	V	2025-05-20 21:25:15.956473-04	f	camino real	adrian150420@gmail.com	S	2022-06-01	2002-04-15	M	TSU	0	Barcelona	J30752547	t	04248227113	04249876543	1	1	1
12470436	Andy	Guaiquirima	Jose	Cermeño	V	2025-06-15 22:18:33.572993-04	t	Guanta	andyjose@gmail.com	S	2025-06-15	1976-06-03	M	TSU	2	Aragua de Barcelona	12470436	t	04141500425		1	3	23
12818294	mavelys	cermeño	carolina	carreño	V	2025-06-08 13:34:29.399695-04	f	aaaa	MAVELYS@GMAIL.COM	S	2025-06-03	1999-02-02	M	MAESTRIA	2	Aragua de Barcelona	12818294	t	04165804027		1	2	1
\.


--
-- Data for Name: familias_cargo; Type: TABLE DATA; Schema: public; Owner: postgres
--

COPY public.familias_cargo (codigo_familiacargo, nombre, tipo_trabajador_id) FROM stdin;
1	Abogado	1
2	Administrador	1
3	Analista Central de Organización y Sistema	1
4	Analista Central de Presupuesto	1
5	Analista de Personal	1
6	Analista de Procesamiento de Datos	1
7	Asistente Administrativo	1
8	Asistente de Preescolar	1
9	Comunicador Social	1
10	Contador	1
11	Entrenador Deportivo	1
12	Jefe Técnico Administrativo	1
13	Operador de Equipos de Computación	1
14	Programador	1
15	Psicólogo	1
16	Secretaria Ejecutiva	1
17	Secretaria (O)	1
\.


--
-- Data for Name: hijos; Type: TABLE DATA; Schema: public; Owner: postgres
--

COPY public.hijos (id, nombre_completo, cedula, fecha_nacimiento, lugar_nacimiento, genero, estudia, nivel_educativo, discapacidad, creado_en, actualizado_en, empleado_id) FROM stdin;
1	Andryus Guaiquirima	30480815	2002-12-27	Aragua de Barcelona	M	S	Universitario	t	2025-06-15 22:18:33.575022-04	2025-06-15 22:18:33.575022-04	12470436
4	Mariana López		2020-08-15	Barcelona, Anzoátegui	F	S	Inicial	t	2025-06-16 00:53:19.085531-04	2025-06-16 00:53:19.085531-04	30480815
\.


--
-- Data for Name: justificaciones; Type: TABLE DATA; Schema: public; Owner: postgres
--

COPY public.justificaciones (id, tipo, descripcion, documento, fecha_creacion, fecha_aprobacion, aprobado_por_id, asistencias_id) FROM stdin;
\.


--
-- Data for Name: mes_aplicacionconcepto; Type: TABLE DATA; Schema: public; Owner: postgres
--

COPY public.mes_aplicacionconcepto (id, codigo_id, meses_id) FROM stdin;
\.


--
-- Data for Name: meses; Type: TABLE DATA; Schema: public; Owner: postgres
--

COPY public.meses (id_mes, nombre_mes) FROM stdin;
1	Enero
2	Febrero
3	Marzo
4	Abril
5	Mayo
6	Junio
7	Julio
8	Agosto
9	Septiembre
10	Octubre
11	Noviembre
12	Diciembre
\.


--
-- Data for Name: niveles_cargo; Type: TABLE DATA; Schema: public; Owner: postgres
--

COPY public.niveles_cargo (nivel, nombre, orden_jerarquico) FROM stdin;
I	Nivel I	1
II	Nivel II	2
III	Nivel III	3
IV	Nivel IV	4
V	Nivel V	5
VI	Nivel VI	6
VII	Jefe	7
\.


--
-- Data for Name: niveles_salariales; Type: TABLE DATA; Schema: public; Owner: postgres
--

COPY public.niveles_salariales (id, grado, nivel, monto, tipo_trabajador_id) FROM stdin;
1	BI	I	130.00	1
2	BI	II	132.00	1
3	BI	III	134.00	1
4	BI	IV	135.00	1
5	BI	V	137.00	1
6	BI	VI	139.00	1
7	BI	VII	141.00	1
8	BII	I	148.00	1
9	BII	II	150.00	1
10	BII	III	152.00	1
11	BII	IV	154.00	1
12	BII	V	155.00	1
13	BII	VI	157.00	1
14	BII	VII	159.00	1
15	BIII	I	166.00	1
16	BIII	II	168.00	1
17	BIII	III	170.00	1
18	BIII	IV	172.00	1
19	BIII	V	174.00	1
20	BIII	VI	176.00	1
21	BIII	VII	177.00	1
22	TI	I	192.00	3
23	TI	II	194.00	3
24	TI	III	196.00	3
25	TI	IV	197.00	3
26	TI	V	199.00	3
27	TI	VI	201.00	3
28	TI	VII	203.00	3
29	TII	I	217.00	3
30	TII	II	219.00	3
31	TII	III	221.00	3
32	TII	IV	223.00	3
33	TII	V	225.00	3
34	TII	VI	226.00	3
35	TII	VII	228.00	3
36	PI	I	246.00	6
37	PI	II	248.00	6
38	PI	III	250.00	6
39	PI	IV	252.00	6
40	PI	V	254.00	6
41	PI	VI	256.00	6
42	PI	VII	255.00	6
43	PII	I	276.00	6
44	PII	II	277.00	6
45	PII	III	279.00	6
46	PII	IV	281.00	6
47	PII	V	283.00	6
48	PII	VI	285.00	6
49	PII	VII	287.00	6
50	PIII	I	305.00	6
51	PIII	II	307.00	6
52	PIII	III	308.00	6
53	PIII	IV	310.00	6
54	PIII	V	312.00	6
55	PIII	VI	314.00	6
56	PIII	VII	316.00	6
\.


--
-- Data for Name: nomina; Type: TABLE DATA; Schema: public; Owner: postgres
--

COPY public.nomina (id_nomina, periodo, secuencia_id, fecha_cierre, fecha_carga, tipo_nomina_id) FROM stdin;
232	Junio 2025	1	2025-06-17	2025-06-16 03:37:08.31789-04	1
233	Junio 2025	1	2025-06-14	2025-06-16 09:31:10.538361-04	1
234	Junio 2025	1	2025-06-14	2025-06-16 09:31:12.625096-04	1
\.


--
-- Data for Name: permiso_asistencias; Type: TABLE DATA; Schema: public; Owner: postgres
--

COPY public.permiso_asistencias (id, empleado_id, descriptcion, fecha_fin, fecha_inicio) FROM stdin;
25	30480815	permiso por cuido de familiar	2025-06-30	2025-06-16
26	12470436	permiso por cuido de familiar	2025-06-30	2025-06-16
\.


--
-- Data for Name: permisos; Type: TABLE DATA; Schema: public; Owner: postgres
--

COPY public.permisos (codigo, nombre, descripcion) FROM stdin;
1	ver_dashboard	Permite acceder al panel de descripcion de nominas
2	ver_perfil_usuario	Permite ver el perfil de usuario
3	ver_servicios_usuario	Permite acceder a servicios como recibos de pago y constancias
4	gestion_nomina	Permite gestionar datos de nómina
5	ver_reportes_nomina	Permite generar y visualizar reportes de nómina
6	ver_gestion_usuario	Permite administrar usuarios y roles del sistema
7	ver_gestion_respaldo	Permite realizar y gestionar copias de seguridad
8	ver_configuracion_personal	Permite cambiar contraseña y configuración de cuenta
\.


--
-- Data for Name: preguntas_seguridad; Type: TABLE DATA; Schema: public; Owner: postgres
--

COPY public.preguntas_seguridad (id, pregunta, activa) FROM stdin;
1	¿Cuál es el nombre de tu primera mascota?	t
2	¿En qué escuela primaria estudiaste?	t
3	¿En qué ciudad naciste?	t
4	¿Cuál es tu color favorito?	t
5	¿Cuál es el segundo nombre de tu madre?	t
6	¿Cuál es tu deporte favorito?	t
7	¿Cuál es tu película favorita?	t
8	¿Cómo se llama tu mejor amigo de la infancia?	t
9	¿Cuál es tu comida favorita?	t
\.


--
-- Data for Name: prenomina; Type: TABLE DATA; Schema: public; Owner: postgres
--

COPY public.prenomina (id_prenomina, fecha_creacion, nomina_id) FROM stdin;
124	2025-06-16 03:37:08.377055-04	232
125	2025-06-16 09:31:10.612305-04	233
126	2025-06-16 09:31:12.659765-04	234
\.


--
-- Data for Name: recibo_pago; Type: TABLE DATA; Schema: public; Owner: postgres
--

COPY public.recibo_pago (id, cedula_id, fecha_generacion, nomina_id) FROM stdin;
470	30480815	2025-06-16 03:37:08.349782-04	232
471	12470436	2025-06-16 03:37:08.361008-04	232
472	30752547	2025-06-16 03:37:08.370673-04	232
473	30480815	2025-06-16 09:31:10.594952-04	233
474	30752547	2025-06-16 09:31:10.606973-04	233
475	30480815	2025-06-16 09:31:12.644116-04	234
476	30752547	2025-06-16 09:31:12.654667-04	234
\.


--
-- Data for Name: registros_vacaciones; Type: TABLE DATA; Schema: public; Owner: postgres
--

COPY public.registros_vacaciones (id, fecha_inicio, fecha_fin, actualizado_en, creado_en, dias_efectivos, dias_habilitados, dias_planificados, estado, fecha_inhabilitacion, fecha_reanudacion, motivo_inhabilitacion, control_id) FROM stdin;
42	2025-06-16	2025-07-07	2025-06-15 00:48:03.696341-04	2025-06-15 00:48:03.696341-04	0	16	16	EN_C	\N	\N	\N	77
43	2025-07-07	2025-07-25	2025-06-15 02:08:29.244721-04	2025-06-15 02:08:29.244721-04	0	15	15	EN_C	\N	\N	\N	76
\.


--
-- Data for Name: rol; Type: TABLE DATA; Schema: public; Owner: postgres
--

COPY public.rol (codigo_rol, nombre_rol, descripcion) FROM stdin;
1	funcionario	Usuario básico con permisos limitados
2	consultor	Puede ver información de departamentos pero no editarla
3	admin	Acceso total: editar, subir archivos, eliminar y todos los permisos
\.


--
-- Data for Name: rol_permisos; Type: TABLE DATA; Schema: public; Owner: postgres
--

COPY public.rol_permisos (id, permiso_id, rol_id, fecha_asignacion) FROM stdin;
1	2	1	2025-06-09 16:54:49.372595-04
2	3	1	2025-06-09 16:54:49.372595-04
3	8	1	2025-06-09 16:54:49.372595-04
4	1	2	2025-06-09 16:54:49.372595-04
5	2	2	2025-06-09 16:54:49.372595-04
6	3	2	2025-06-09 16:54:49.372595-04
7	5	2	2025-06-09 16:54:49.372595-04
8	8	2	2025-06-09 16:54:49.372595-04
80	4	3	2025-06-10 10:10:15.440429-04
81	8	3	2025-06-10 10:10:15.443443-04
82	1	3	2025-06-10 10:10:15.445409-04
83	7	3	2025-06-10 10:10:15.447403-04
84	6	3	2025-06-10 10:10:15.44943-04
85	2	3	2025-06-10 10:10:15.451393-04
86	5	3	2025-06-10 10:10:15.453387-04
87	3	3	2025-06-10 10:10:15.454384-04
\.


--
-- Data for Name: secuencia; Type: TABLE DATA; Schema: public; Owner: postgres
--

COPY public.secuencia (id_secuencia, nombre_secuencia) FROM stdin;
1	PRIMERA QUINCENA
2	SEGUNDA QUINCENA
3	ESPECIAL
\.


--
-- Data for Name: tipo_nomina; Type: TABLE DATA; Schema: public; Owner: postgres
--

COPY public.tipo_nomina (codigo_tiponomina, tipo_nomina) FROM stdin;
1	Administrativo
2	Obrero
3	Libre_Nombramiento
4	Honorarios_Profesionales
5	Salud
6	Jubilados
7	Pensionado_Incapacidad
8	Pensionado_Sobrevivencia
9	Uniformados
\.


--
-- Data for Name: tipo_pago; Type: TABLE DATA; Schema: public; Owner: postgres
--

COPY public.tipo_pago (codigo_tipopago, nombre_tipopago, abreviatura_excel_tipopago) FROM stdin;
1	Ordinario	Ordinario
2	Vacaciones	Vac
3	Aguinaldos	Agui
4	Especial	Especial
5	CestaTicket	CtaTicket
6	Bono No Salarial	BnoNoSalarial
\.


--
-- Data for Name: tipo_trabajador; Type: TABLE DATA; Schema: public; Owner: postgres
--

COPY public.tipo_trabajador (codigo_trabajador, descripcion) FROM stdin;
1	Administrativo
2	Obrero
3	Uniformado
4	Contratado Administrativo
5	Contratado Obrero
6	Libre Nombramiento y Remoción
7	Libre Nombramiento (SOLO TITULARES)
8	Libre Nombramiento (SOLO ENCARGADOS)
9	Libre Nombramiento (SOLO COMISIONES DE SERVICIO)
10	Libre Nombramiento (SOLO ENCARGADOS Y COMISIONES DE SERVICIO)
11	Salud
12	Jubilados
13	Pensionado por Incapacidad
14	Pensionado Sobreviviente
\.


--
-- Data for Name: usuario_preguntas; Type: TABLE DATA; Schema: public; Owner: postgres
--

COPY public.usuario_preguntas (id, respuesta_hash, fecha_creacion, pregunta_id, id_usuario) FROM stdin;
40	pbkdf2_sha256$870000$nZYL34lcARzhk36ZZsfu5p$s7kfbtvQL98PdlJTMFrw7fIzkcy7eH6svAPLfXoc4KM=	2025-05-19 17:39:45.526601-04	2	21
41	pbkdf2_sha256$870000$HU5fLWXv7x8nQzxUfBXhJq$sLeIQFtiV/ZEXXYZnL1dJkqSwPhEX4yvUFUGjFMnGUY=	2025-05-19 17:39:46.77916-04	6	21
42	pbkdf2_sha256$870000$kkSbL5oavzKr427y7NsAQu$ZVbwiBJoo3FE2fPe2Xte4r08vB9eF2DYDLyzFLmNmis=	2025-05-19 17:39:47.773444-04	8	21
\.


--
-- Data for Name: usuarios; Type: TABLE DATA; Schema: public; Owner: postgres
--

COPY public.usuarios (id, email, "contraseña_hash", ultimo_login, fecha_registro, empleado_cedula, rol_id, activo) FROM stdin;
21	andryusguaiquirima@gmail.com	pbkdf2_sha256$870000$T2f8NZH2uCkDVsMKXsJCFY$lUdCI5QygFpOfDn1+ZSOgAeRvcNjzjz4H0lEKxmfN0w=	2025-06-16 20:31:08.228848-04	2025-05-19 17:39:44.430532-04	30480815	3	t
\.


--
-- Name: arc_id_arc_seq; Type: SEQUENCE SET; Schema: public; Owner: postgres
--

SELECT pg_catalog.setval('public.arc_id_arc_seq', 1, false);


--
-- Name: auth_group_id_seq; Type: SEQUENCE SET; Schema: public; Owner: postgres
--

SELECT pg_catalog.setval('public.auth_group_id_seq', 1, false);


--
-- Name: auth_group_permissions_id_seq; Type: SEQUENCE SET; Schema: public; Owner: postgres
--

SELECT pg_catalog.setval('public.auth_group_permissions_id_seq', 1, false);


--
-- Name: auth_permission_id_seq; Type: SEQUENCE SET; Schema: public; Owner: postgres
--

SELECT pg_catalog.setval('public.auth_permission_id_seq', 184, true);


--
-- Name: auth_user_groups_id_seq; Type: SEQUENCE SET; Schema: public; Owner: postgres
--

SELECT pg_catalog.setval('public.auth_user_groups_id_seq', 1, false);


--
-- Name: auth_user_id_seq; Type: SEQUENCE SET; Schema: public; Owner: postgres
--

SELECT pg_catalog.setval('public.auth_user_id_seq', 1, false);


--
-- Name: auth_user_user_permissions_id_seq; Type: SEQUENCE SET; Schema: public; Owner: postgres
--

SELECT pg_catalog.setval('public.auth_user_user_permissions_id_seq', 1, false);


--
-- Name: cargos_id_seq; Type: SEQUENCE SET; Schema: public; Owner: postgres
--

SELECT pg_catalog.setval('public.cargos_id_seq', 5, true);


--
-- Name: cuentas_bancarias_id_seq; Type: SEQUENCE SET; Schema: public; Owner: postgres
--

SELECT pg_catalog.setval('public.cuentas_bancarias_id_seq', 18, true);


--
-- Name: detalle_arc_id_seq; Type: SEQUENCE SET; Schema: public; Owner: postgres
--

SELECT pg_catalog.setval('public.detalle_arc_id_seq', 1, false);


--
-- Name: detalle_nomina_id_seq; Type: SEQUENCE SET; Schema: public; Owner: postgres
--

SELECT pg_catalog.setval('public.detalle_nomina_id_seq', 1739, true);


--
-- Name: detalle_prenomina_id_seq; Type: SEQUENCE SET; Schema: public; Owner: postgres
--

SELECT pg_catalog.setval('public.detalle_prenomina_id_seq', 1007, true);


--
-- Name: detalle_recibo_id_seq; Type: SEQUENCE SET; Schema: public; Owner: postgres
--

SELECT pg_catalog.setval('public.detalle_recibo_id_seq', 1559, true);


--
-- Name: django_admin_log_id_seq; Type: SEQUENCE SET; Schema: public; Owner: postgres
--

SELECT pg_catalog.setval('public.django_admin_log_id_seq', 1, false);


--
-- Name: django_content_type_id_seq; Type: SEQUENCE SET; Schema: public; Owner: postgres
--

SELECT pg_catalog.setval('public.django_content_type_id_seq', 44, true);


--
-- Name: django_migrations_id_seq; Type: SEQUENCE SET; Schema: public; Owner: postgres
--

SELECT pg_catalog.setval('public.django_migrations_id_seq', 76, true);


--
-- Name: justificaciones_id_seq; Type: SEQUENCE SET; Schema: public; Owner: postgres
--

SELECT pg_catalog.setval('public.justificaciones_id_seq', 23, true);


--
-- Name: login_asistencias_id_seq; Type: SEQUENCE SET; Schema: public; Owner: postgres
--

SELECT pg_catalog.setval('public.login_asistencias_id_seq', 128, true);


--
-- Name: login_concepto_tipotrabajador_id_seq; Type: SEQUENCE SET; Schema: public; Owner: postgres
--

SELECT pg_catalog.setval('public.login_concepto_tipotrabajador_id_seq', 1, false);


--
-- Name: login_control_vacaciones_id_seq; Type: SEQUENCE SET; Schema: public; Owner: postgres
--

SELECT pg_catalog.setval('public.login_control_vacaciones_id_seq', 80, true);


--
-- Name: login_hijo_id_seq; Type: SEQUENCE SET; Schema: public; Owner: postgres
--

SELECT pg_catalog.setval('public.login_hijo_id_seq', 4, true);


--
-- Name: login_mes_aplicacionconcepto_id_seq; Type: SEQUENCE SET; Schema: public; Owner: postgres
--

SELECT pg_catalog.setval('public.login_mes_aplicacionconcepto_id_seq', 1, false);


--
-- Name: login_permiso_asistencias_id_seq; Type: SEQUENCE SET; Schema: public; Owner: postgres
--

SELECT pg_catalog.setval('public.login_permiso_asistencias_id_seq', 26, true);


--
-- Name: login_registro_vacaciones_id_seq; Type: SEQUENCE SET; Schema: public; Owner: postgres
--

SELECT pg_catalog.setval('public.login_registro_vacaciones_id_seq', 43, true);


--
-- Name: niveles_salariales_id_seq; Type: SEQUENCE SET; Schema: public; Owner: postgres
--

SELECT pg_catalog.setval('public.niveles_salariales_id_seq', 56, true);


--
-- Name: nomina_id_nomina_seq; Type: SEQUENCE SET; Schema: public; Owner: postgres
--

SELECT pg_catalog.setval('public.nomina_id_nomina_seq', 234, true);


--
-- Name: preguntas_seguridad_id_seq; Type: SEQUENCE SET; Schema: public; Owner: postgres
--

SELECT pg_catalog.setval('public.preguntas_seguridad_id_seq', 9, true);


--
-- Name: prenomina_id_prenomina_seq; Type: SEQUENCE SET; Schema: public; Owner: postgres
--

SELECT pg_catalog.setval('public.prenomina_id_prenomina_seq', 126, true);


--
-- Name: recibo_pago_id_seq; Type: SEQUENCE SET; Schema: public; Owner: postgres
--

SELECT pg_catalog.setval('public.recibo_pago_id_seq', 476, true);


--
-- Name: rol_permisos_id_seq; Type: SEQUENCE SET; Schema: public; Owner: postgres
--

SELECT pg_catalog.setval('public.rol_permisos_id_seq', 87, true);


--
-- Name: usuario_preguntas_id_seq; Type: SEQUENCE SET; Schema: public; Owner: postgres
--

SELECT pg_catalog.setval('public.usuario_preguntas_id_seq', 48, true);


--
-- Name: usuarios_id_seq; Type: SEQUENCE SET; Schema: public; Owner: postgres
--

SELECT pg_catalog.setval('public.usuarios_id_seq', 23, true);


--
-- Name: arc arc_empleado_id_anio_7eb09e69_uniq; Type: CONSTRAINT; Schema: public; Owner: postgres
--

ALTER TABLE ONLY public.arc
    ADD CONSTRAINT arc_empleado_id_anio_7eb09e69_uniq UNIQUE (empleado_id, anio);


--
-- Name: arc arc_pkey; Type: CONSTRAINT; Schema: public; Owner: postgres
--

ALTER TABLE ONLY public.arc
    ADD CONSTRAINT arc_pkey PRIMARY KEY (id_arc);


--
-- Name: auth_group auth_group_name_key; Type: CONSTRAINT; Schema: public; Owner: postgres
--

ALTER TABLE ONLY public.auth_group
    ADD CONSTRAINT auth_group_name_key UNIQUE (name);


--
-- Name: auth_group_permissions auth_group_permissions_group_id_permission_id_0cd325b0_uniq; Type: CONSTRAINT; Schema: public; Owner: postgres
--

ALTER TABLE ONLY public.auth_group_permissions
    ADD CONSTRAINT auth_group_permissions_group_id_permission_id_0cd325b0_uniq UNIQUE (group_id, permission_id);


--
-- Name: auth_group_permissions auth_group_permissions_pkey; Type: CONSTRAINT; Schema: public; Owner: postgres
--

ALTER TABLE ONLY public.auth_group_permissions
    ADD CONSTRAINT auth_group_permissions_pkey PRIMARY KEY (id);


--
-- Name: auth_group auth_group_pkey; Type: CONSTRAINT; Schema: public; Owner: postgres
--

ALTER TABLE ONLY public.auth_group
    ADD CONSTRAINT auth_group_pkey PRIMARY KEY (id);


--
-- Name: auth_permission auth_permission_content_type_id_codename_01ab375a_uniq; Type: CONSTRAINT; Schema: public; Owner: postgres
--

ALTER TABLE ONLY public.auth_permission
    ADD CONSTRAINT auth_permission_content_type_id_codename_01ab375a_uniq UNIQUE (content_type_id, codename);


--
-- Name: auth_permission auth_permission_pkey; Type: CONSTRAINT; Schema: public; Owner: postgres
--

ALTER TABLE ONLY public.auth_permission
    ADD CONSTRAINT auth_permission_pkey PRIMARY KEY (id);


--
-- Name: auth_user_groups auth_user_groups_pkey; Type: CONSTRAINT; Schema: public; Owner: postgres
--

ALTER TABLE ONLY public.auth_user_groups
    ADD CONSTRAINT auth_user_groups_pkey PRIMARY KEY (id);


--
-- Name: auth_user_groups auth_user_groups_user_id_group_id_94350c0c_uniq; Type: CONSTRAINT; Schema: public; Owner: postgres
--

ALTER TABLE ONLY public.auth_user_groups
    ADD CONSTRAINT auth_user_groups_user_id_group_id_94350c0c_uniq UNIQUE (user_id, group_id);


--
-- Name: auth_user auth_user_pkey; Type: CONSTRAINT; Schema: public; Owner: postgres
--

ALTER TABLE ONLY public.auth_user
    ADD CONSTRAINT auth_user_pkey PRIMARY KEY (id);


--
-- Name: auth_user_user_permissions auth_user_user_permissions_pkey; Type: CONSTRAINT; Schema: public; Owner: postgres
--

ALTER TABLE ONLY public.auth_user_user_permissions
    ADD CONSTRAINT auth_user_user_permissions_pkey PRIMARY KEY (id);


--
-- Name: auth_user_user_permissions auth_user_user_permissions_user_id_permission_id_14a6b632_uniq; Type: CONSTRAINT; Schema: public; Owner: postgres
--

ALTER TABLE ONLY public.auth_user_user_permissions
    ADD CONSTRAINT auth_user_user_permissions_user_id_permission_id_14a6b632_uniq UNIQUE (user_id, permission_id);


--
-- Name: auth_user auth_user_username_key; Type: CONSTRAINT; Schema: public; Owner: postgres
--

ALTER TABLE ONLY public.auth_user
    ADD CONSTRAINT auth_user_username_key UNIQUE (username);


--
-- Name: bancos bancos_pkey; Type: CONSTRAINT; Schema: public; Owner: postgres
--

ALTER TABLE ONLY public.bancos
    ADD CONSTRAINT bancos_pkey PRIMARY KEY (codigo);


--
-- Name: cargos cargos_familia_id_nivel_id_4f351f15_uniq; Type: CONSTRAINT; Schema: public; Owner: postgres
--

ALTER TABLE ONLY public.cargos
    ADD CONSTRAINT cargos_familia_id_nivel_id_4f351f15_uniq UNIQUE (familia_id, nivel_id);


--
-- Name: cargos cargos_pkey; Type: CONSTRAINT; Schema: public; Owner: postgres
--

ALTER TABLE ONLY public.cargos
    ADD CONSTRAINT cargos_pkey PRIMARY KEY (id);


--
-- Name: concepto_pago concepto_pago_codigo_2fc6a8f8_pk; Type: CONSTRAINT; Schema: public; Owner: postgres
--

ALTER TABLE ONLY public.concepto_pago
    ADD CONSTRAINT concepto_pago_codigo_2fc6a8f8_pk PRIMARY KEY (codigo);


--
-- Name: cuentas_bancarias cuentas_bancarias_banco_id_numero_cuenta_65e706c4_uniq; Type: CONSTRAINT; Schema: public; Owner: postgres
--

ALTER TABLE ONLY public.cuentas_bancarias
    ADD CONSTRAINT cuentas_bancarias_banco_id_numero_cuenta_65e706c4_uniq UNIQUE (banco_id, numero_cuenta);


--
-- Name: cuentas_bancarias cuentas_bancarias_numero_cuenta_9efce6cc_uniq; Type: CONSTRAINT; Schema: public; Owner: postgres
--

ALTER TABLE ONLY public.cuentas_bancarias
    ADD CONSTRAINT cuentas_bancarias_numero_cuenta_9efce6cc_uniq UNIQUE (numero_cuenta);


--
-- Name: cuentas_bancarias cuentas_bancarias_pkey; Type: CONSTRAINT; Schema: public; Owner: postgres
--

ALTER TABLE ONLY public.cuentas_bancarias
    ADD CONSTRAINT cuentas_bancarias_pkey PRIMARY KEY (id);


--
-- Name: detalle_arc detalle_arc_arc_id_mes_4e7ab372_uniq; Type: CONSTRAINT; Schema: public; Owner: postgres
--

ALTER TABLE ONLY public.detalle_arc
    ADD CONSTRAINT detalle_arc_arc_id_mes_4e7ab372_uniq UNIQUE (arc_id, mes);


--
-- Name: detalle_arc detalle_arc_pkey; Type: CONSTRAINT; Schema: public; Owner: postgres
--

ALTER TABLE ONLY public.detalle_arc
    ADD CONSTRAINT detalle_arc_pkey PRIMARY KEY (id);


--
-- Name: detalle_nomina detalle_nomina_pkey; Type: CONSTRAINT; Schema: public; Owner: postgres
--

ALTER TABLE ONLY public.detalle_nomina
    ADD CONSTRAINT detalle_nomina_pkey PRIMARY KEY (id);


--
-- Name: detalle_prenomina detalle_prenomina_pkey; Type: CONSTRAINT; Schema: public; Owner: postgres
--

ALTER TABLE ONLY public.detalle_prenomina
    ADD CONSTRAINT detalle_prenomina_pkey PRIMARY KEY (id);


--
-- Name: detalle_prenomina detalle_prenomina_prenomina_id_codigo_id_a5af1d5a_uniq; Type: CONSTRAINT; Schema: public; Owner: postgres
--

ALTER TABLE ONLY public.detalle_prenomina
    ADD CONSTRAINT detalle_prenomina_prenomina_id_codigo_id_a5af1d5a_uniq UNIQUE (prenomina_id, codigo_id);


--
-- Name: detalle_recibo detalle_recibo_pkey; Type: CONSTRAINT; Schema: public; Owner: postgres
--

ALTER TABLE ONLY public.detalle_recibo
    ADD CONSTRAINT detalle_recibo_pkey PRIMARY KEY (id);


--
-- Name: detalle_recibo detalle_recibo_recibo_id_detalle_nomina_id_1b787078_uniq; Type: CONSTRAINT; Schema: public; Owner: postgres
--

ALTER TABLE ONLY public.detalle_recibo
    ADD CONSTRAINT detalle_recibo_recibo_id_detalle_nomina_id_1b787078_uniq UNIQUE (recibo_id, detalle_nomina_id);


--
-- Name: django_admin_log django_admin_log_pkey; Type: CONSTRAINT; Schema: public; Owner: postgres
--

ALTER TABLE ONLY public.django_admin_log
    ADD CONSTRAINT django_admin_log_pkey PRIMARY KEY (id);


--
-- Name: django_content_type django_content_type_app_label_model_76bd3d3b_uniq; Type: CONSTRAINT; Schema: public; Owner: postgres
--

ALTER TABLE ONLY public.django_content_type
    ADD CONSTRAINT django_content_type_app_label_model_76bd3d3b_uniq UNIQUE (app_label, model);


--
-- Name: django_content_type django_content_type_pkey; Type: CONSTRAINT; Schema: public; Owner: postgres
--

ALTER TABLE ONLY public.django_content_type
    ADD CONSTRAINT django_content_type_pkey PRIMARY KEY (id);


--
-- Name: django_migrations django_migrations_pkey; Type: CONSTRAINT; Schema: public; Owner: postgres
--

ALTER TABLE ONLY public.django_migrations
    ADD CONSTRAINT django_migrations_pkey PRIMARY KEY (id);


--
-- Name: django_session django_session_pkey; Type: CONSTRAINT; Schema: public; Owner: postgres
--

ALTER TABLE ONLY public.django_session
    ADD CONSTRAINT django_session_pkey PRIMARY KEY (session_key);


--
-- Name: empleados empleados_email_4c970abf_uniq; Type: CONSTRAINT; Schema: public; Owner: postgres
--

ALTER TABLE ONLY public.empleados
    ADD CONSTRAINT empleados_email_4c970abf_uniq UNIQUE (email);


--
-- Name: empleados empleados_pkey; Type: CONSTRAINT; Schema: public; Owner: postgres
--

ALTER TABLE ONLY public.empleados
    ADD CONSTRAINT empleados_pkey PRIMARY KEY (cedula);


--
-- Name: empleados empleados_rif_572bd998_uniq; Type: CONSTRAINT; Schema: public; Owner: postgres
--

ALTER TABLE ONLY public.empleados
    ADD CONSTRAINT empleados_rif_572bd998_uniq UNIQUE (rif);


--
-- Name: familias_cargo familias_cargo_pkey; Type: CONSTRAINT; Schema: public; Owner: postgres
--

ALTER TABLE ONLY public.familias_cargo
    ADD CONSTRAINT familias_cargo_pkey PRIMARY KEY (codigo_familiacargo);


--
-- Name: justificaciones justificaciones_pkey; Type: CONSTRAINT; Schema: public; Owner: postgres
--

ALTER TABLE ONLY public.justificaciones
    ADD CONSTRAINT justificaciones_pkey PRIMARY KEY (id);


--
-- Name: asistencias login_asistencias_pkey; Type: CONSTRAINT; Schema: public; Owner: postgres
--

ALTER TABLE ONLY public.asistencias
    ADD CONSTRAINT login_asistencias_pkey PRIMARY KEY (id);


--
-- Name: concepto_tipotrabajador login_concepto_tipotrabajador_pkey; Type: CONSTRAINT; Schema: public; Owner: postgres
--

ALTER TABLE ONLY public.concepto_tipotrabajador
    ADD CONSTRAINT login_concepto_tipotrabajador_pkey PRIMARY KEY (id);


--
-- Name: control_vacaciones login_control_vacaciones_empleado_id_año_4124de57_uniq; Type: CONSTRAINT; Schema: public; Owner: postgres
--

ALTER TABLE ONLY public.control_vacaciones
    ADD CONSTRAINT "login_control_vacaciones_empleado_id_año_4124de57_uniq" UNIQUE (empleado_id, "año");


--
-- Name: control_vacaciones login_control_vacaciones_pkey; Type: CONSTRAINT; Schema: public; Owner: postgres
--

ALTER TABLE ONLY public.control_vacaciones
    ADD CONSTRAINT login_control_vacaciones_pkey PRIMARY KEY (id);


--
-- Name: hijos login_hijo_cedula_key; Type: CONSTRAINT; Schema: public; Owner: postgres
--

ALTER TABLE ONLY public.hijos
    ADD CONSTRAINT login_hijo_cedula_key UNIQUE (cedula);


--
-- Name: hijos login_hijo_empleado_id_nombre_compl_c8149eff_uniq; Type: CONSTRAINT; Schema: public; Owner: postgres
--

ALTER TABLE ONLY public.hijos
    ADD CONSTRAINT login_hijo_empleado_id_nombre_compl_c8149eff_uniq UNIQUE (empleado_id, nombre_completo, fecha_nacimiento);


--
-- Name: hijos login_hijo_pkey; Type: CONSTRAINT; Schema: public; Owner: postgres
--

ALTER TABLE ONLY public.hijos
    ADD CONSTRAINT login_hijo_pkey PRIMARY KEY (id);


--
-- Name: mes_aplicacionconcepto login_mes_aplicacionconcepto_pkey; Type: CONSTRAINT; Schema: public; Owner: postgres
--

ALTER TABLE ONLY public.mes_aplicacionconcepto
    ADD CONSTRAINT login_mes_aplicacionconcepto_pkey PRIMARY KEY (id);


--
-- Name: permiso_asistencias login_permiso_asistencias_pkey; Type: CONSTRAINT; Schema: public; Owner: postgres
--

ALTER TABLE ONLY public.permiso_asistencias
    ADD CONSTRAINT login_permiso_asistencias_pkey PRIMARY KEY (id);


--
-- Name: registros_vacaciones login_registro_vacaciones_pkey; Type: CONSTRAINT; Schema: public; Owner: postgres
--

ALTER TABLE ONLY public.registros_vacaciones
    ADD CONSTRAINT login_registro_vacaciones_pkey PRIMARY KEY (id);


--
-- Name: tipo_pago login_tipo_pago_pkey; Type: CONSTRAINT; Schema: public; Owner: postgres
--

ALTER TABLE ONLY public.tipo_pago
    ADD CONSTRAINT login_tipo_pago_pkey PRIMARY KEY (codigo_tipopago);


--
-- Name: tipo_trabajador login_tipo_trabajador_pkey; Type: CONSTRAINT; Schema: public; Owner: postgres
--

ALTER TABLE ONLY public.tipo_trabajador
    ADD CONSTRAINT login_tipo_trabajador_pkey PRIMARY KEY (codigo_trabajador);


--
-- Name: meses mes_del_anio_nombre_mes_key; Type: CONSTRAINT; Schema: public; Owner: postgres
--

ALTER TABLE ONLY public.meses
    ADD CONSTRAINT mes_del_anio_nombre_mes_key UNIQUE (nombre_mes);


--
-- Name: meses mes_del_anio_pkey; Type: CONSTRAINT; Schema: public; Owner: postgres
--

ALTER TABLE ONLY public.meses
    ADD CONSTRAINT mes_del_anio_pkey PRIMARY KEY (id_mes);


--
-- Name: niveles_cargo niveles_cargo_orden_jerarquico_key; Type: CONSTRAINT; Schema: public; Owner: postgres
--

ALTER TABLE ONLY public.niveles_cargo
    ADD CONSTRAINT niveles_cargo_orden_jerarquico_key UNIQUE (orden_jerarquico);


--
-- Name: niveles_cargo niveles_cargo_pkey; Type: CONSTRAINT; Schema: public; Owner: postgres
--

ALTER TABLE ONLY public.niveles_cargo
    ADD CONSTRAINT niveles_cargo_pkey PRIMARY KEY (nivel);


--
-- Name: niveles_salariales niveles_salariales_grado_nivel_tipo_trabajador_id_16dce865_uniq; Type: CONSTRAINT; Schema: public; Owner: postgres
--

ALTER TABLE ONLY public.niveles_salariales
    ADD CONSTRAINT niveles_salariales_grado_nivel_tipo_trabajador_id_16dce865_uniq UNIQUE (grado, nivel, tipo_trabajador_id);


--
-- Name: niveles_salariales niveles_salariales_pkey; Type: CONSTRAINT; Schema: public; Owner: postgres
--

ALTER TABLE ONLY public.niveles_salariales
    ADD CONSTRAINT niveles_salariales_pkey PRIMARY KEY (id);


--
-- Name: nomina nomina_pkey; Type: CONSTRAINT; Schema: public; Owner: postgres
--

ALTER TABLE ONLY public.nomina
    ADD CONSTRAINT nomina_pkey PRIMARY KEY (id_nomina);


--
-- Name: permisos permisos_pkey; Type: CONSTRAINT; Schema: public; Owner: postgres
--

ALTER TABLE ONLY public.permisos
    ADD CONSTRAINT permisos_pkey PRIMARY KEY (codigo);


--
-- Name: preguntas_seguridad preguntas_seguridad_pkey; Type: CONSTRAINT; Schema: public; Owner: postgres
--

ALTER TABLE ONLY public.preguntas_seguridad
    ADD CONSTRAINT preguntas_seguridad_pkey PRIMARY KEY (id);


--
-- Name: preguntas_seguridad preguntas_seguridad_pregunta_key; Type: CONSTRAINT; Schema: public; Owner: postgres
--

ALTER TABLE ONLY public.preguntas_seguridad
    ADD CONSTRAINT preguntas_seguridad_pregunta_key UNIQUE (pregunta);


--
-- Name: prenomina prenomina_nomina_id_key; Type: CONSTRAINT; Schema: public; Owner: postgres
--

ALTER TABLE ONLY public.prenomina
    ADD CONSTRAINT prenomina_nomina_id_key UNIQUE (nomina_id);


--
-- Name: prenomina prenomina_pkey; Type: CONSTRAINT; Schema: public; Owner: postgres
--

ALTER TABLE ONLY public.prenomina
    ADD CONSTRAINT prenomina_pkey PRIMARY KEY (id_prenomina);


--
-- Name: recibo_pago recibo_pago_pkey; Type: CONSTRAINT; Schema: public; Owner: postgres
--

ALTER TABLE ONLY public.recibo_pago
    ADD CONSTRAINT recibo_pago_pkey PRIMARY KEY (id);


--
-- Name: rol rol_nombre_rol_key; Type: CONSTRAINT; Schema: public; Owner: postgres
--

ALTER TABLE ONLY public.rol
    ADD CONSTRAINT rol_nombre_rol_key UNIQUE (nombre_rol);


--
-- Name: rol_permisos rol_permisos_pkey; Type: CONSTRAINT; Schema: public; Owner: postgres
--

ALTER TABLE ONLY public.rol_permisos
    ADD CONSTRAINT rol_permisos_pkey PRIMARY KEY (id);


--
-- Name: rol_permisos rol_permisos_rol_id_permiso_id_c961e5e5_uniq; Type: CONSTRAINT; Schema: public; Owner: postgres
--

ALTER TABLE ONLY public.rol_permisos
    ADD CONSTRAINT rol_permisos_rol_id_permiso_id_c961e5e5_uniq UNIQUE (rol_id, permiso_id);


--
-- Name: rol rol_pkey; Type: CONSTRAINT; Schema: public; Owner: postgres
--

ALTER TABLE ONLY public.rol
    ADD CONSTRAINT rol_pkey PRIMARY KEY (codigo_rol);


--
-- Name: secuencia secuencia_nombre_secuencia_key; Type: CONSTRAINT; Schema: public; Owner: postgres
--

ALTER TABLE ONLY public.secuencia
    ADD CONSTRAINT secuencia_nombre_secuencia_key UNIQUE (nombre_secuencia);


--
-- Name: secuencia secuencia_pkey; Type: CONSTRAINT; Schema: public; Owner: postgres
--

ALTER TABLE ONLY public.secuencia
    ADD CONSTRAINT secuencia_pkey PRIMARY KEY (id_secuencia);


--
-- Name: tipo_nomina tipo_nomina_pkey; Type: CONSTRAINT; Schema: public; Owner: postgres
--

ALTER TABLE ONLY public.tipo_nomina
    ADD CONSTRAINT tipo_nomina_pkey PRIMARY KEY (codigo_tiponomina);


--
-- Name: tipo_nomina tipo_nomina_tipo_nomina_key; Type: CONSTRAINT; Schema: public; Owner: postgres
--

ALTER TABLE ONLY public.tipo_nomina
    ADD CONSTRAINT tipo_nomina_tipo_nomina_key UNIQUE (tipo_nomina);


--
-- Name: usuario_preguntas usuario_preguntas_pkey; Type: CONSTRAINT; Schema: public; Owner: postgres
--

ALTER TABLE ONLY public.usuario_preguntas
    ADD CONSTRAINT usuario_preguntas_pkey PRIMARY KEY (id);


--
-- Name: usuario_preguntas usuario_preguntas_usuario_cedula_pregunta_id_6e2528c9_uniq; Type: CONSTRAINT; Schema: public; Owner: postgres
--

ALTER TABLE ONLY public.usuario_preguntas
    ADD CONSTRAINT usuario_preguntas_usuario_cedula_pregunta_id_6e2528c9_uniq UNIQUE (id_usuario, pregunta_id);


--
-- Name: usuarios usuarios_email_key; Type: CONSTRAINT; Schema: public; Owner: postgres
--

ALTER TABLE ONLY public.usuarios
    ADD CONSTRAINT usuarios_email_key UNIQUE (email);


--
-- Name: usuarios usuarios_pkey; Type: CONSTRAINT; Schema: public; Owner: postgres
--

ALTER TABLE ONLY public.usuarios
    ADD CONSTRAINT usuarios_pkey PRIMARY KEY (id);


--
-- Name: arc_empleado_id_151ef363; Type: INDEX; Schema: public; Owner: postgres
--

CREATE INDEX arc_empleado_id_151ef363 ON public.arc USING btree (empleado_id);


--
-- Name: auth_group_name_a6ea08ec_like; Type: INDEX; Schema: public; Owner: postgres
--

CREATE INDEX auth_group_name_a6ea08ec_like ON public.auth_group USING btree (name varchar_pattern_ops);


--
-- Name: auth_group_permissions_group_id_b120cbf9; Type: INDEX; Schema: public; Owner: postgres
--

CREATE INDEX auth_group_permissions_group_id_b120cbf9 ON public.auth_group_permissions USING btree (group_id);


--
-- Name: auth_group_permissions_permission_id_84c5c92e; Type: INDEX; Schema: public; Owner: postgres
--

CREATE INDEX auth_group_permissions_permission_id_84c5c92e ON public.auth_group_permissions USING btree (permission_id);


--
-- Name: auth_permission_content_type_id_2f476e4b; Type: INDEX; Schema: public; Owner: postgres
--

CREATE INDEX auth_permission_content_type_id_2f476e4b ON public.auth_permission USING btree (content_type_id);


--
-- Name: auth_user_groups_group_id_97559544; Type: INDEX; Schema: public; Owner: postgres
--

CREATE INDEX auth_user_groups_group_id_97559544 ON public.auth_user_groups USING btree (group_id);


--
-- Name: auth_user_groups_user_id_6a12ed8b; Type: INDEX; Schema: public; Owner: postgres
--

CREATE INDEX auth_user_groups_user_id_6a12ed8b ON public.auth_user_groups USING btree (user_id);


--
-- Name: auth_user_user_permissions_permission_id_1fbb5f2c; Type: INDEX; Schema: public; Owner: postgres
--

CREATE INDEX auth_user_user_permissions_permission_id_1fbb5f2c ON public.auth_user_user_permissions USING btree (permission_id);


--
-- Name: auth_user_user_permissions_user_id_a95ead1b; Type: INDEX; Schema: public; Owner: postgres
--

CREATE INDEX auth_user_user_permissions_user_id_a95ead1b ON public.auth_user_user_permissions USING btree (user_id);


--
-- Name: auth_user_username_6821ab7c_like; Type: INDEX; Schema: public; Owner: postgres
--

CREATE INDEX auth_user_username_6821ab7c_like ON public.auth_user USING btree (username varchar_pattern_ops);


--
-- Name: bancos_codigo_043170cc_like; Type: INDEX; Schema: public; Owner: postgres
--

CREATE INDEX bancos_codigo_043170cc_like ON public.bancos USING btree (codigo varchar_pattern_ops);


--
-- Name: cargos_familia_id_766d8224; Type: INDEX; Schema: public; Owner: postgres
--

CREATE INDEX cargos_familia_id_766d8224 ON public.cargos USING btree (familia_id);


--
-- Name: cargos_nivel_id_f04ddd68; Type: INDEX; Schema: public; Owner: postgres
--

CREATE INDEX cargos_nivel_id_f04ddd68 ON public.cargos USING btree (nivel_id);


--
-- Name: concepto_tipotrabajador_codigo_c963c26f; Type: INDEX; Schema: public; Owner: postgres
--

CREATE INDEX concepto_tipotrabajador_codigo_c963c26f ON public.concepto_tipotrabajador USING btree (codigo);


--
-- Name: concepto_tipotrabajador_codigo_c963c26f_like; Type: INDEX; Schema: public; Owner: postgres
--

CREATE INDEX concepto_tipotrabajador_codigo_c963c26f_like ON public.concepto_tipotrabajador USING btree (codigo varchar_pattern_ops);


--
-- Name: cuentas_bancarias_banco_id_91fb3225; Type: INDEX; Schema: public; Owner: postgres
--

CREATE INDEX cuentas_bancarias_banco_id_91fb3225 ON public.cuentas_bancarias USING btree (banco_id);


--
-- Name: cuentas_bancarias_banco_id_91fb3225_like; Type: INDEX; Schema: public; Owner: postgres
--

CREATE INDEX cuentas_bancarias_banco_id_91fb3225_like ON public.cuentas_bancarias USING btree (banco_id varchar_pattern_ops);


--
-- Name: cuentas_bancarias_empleado_id_de6bd017; Type: INDEX; Schema: public; Owner: postgres
--

CREATE INDEX cuentas_bancarias_empleado_id_de6bd017 ON public.cuentas_bancarias USING btree (empleado_id);


--
-- Name: cuentas_bancarias_numero_cuenta_9efce6cc_like; Type: INDEX; Schema: public; Owner: postgres
--

CREATE INDEX cuentas_bancarias_numero_cuenta_9efce6cc_like ON public.cuentas_bancarias USING btree (numero_cuenta varchar_pattern_ops);


--
-- Name: detalle_arc_arc_id_27dcb31a; Type: INDEX; Schema: public; Owner: postgres
--

CREATE INDEX detalle_arc_arc_id_27dcb31a ON public.detalle_arc USING btree (arc_id);


--
-- Name: detalle_nomina_cedula_id_f129bb9d; Type: INDEX; Schema: public; Owner: postgres
--

CREATE INDEX detalle_nomina_cedula_id_f129bb9d ON public.detalle_nomina USING btree (cedula_id);


--
-- Name: detalle_nomina_codigo_id_0ea61e8a; Type: INDEX; Schema: public; Owner: postgres
--

CREATE INDEX detalle_nomina_codigo_id_0ea61e8a ON public.detalle_nomina USING btree (codigo_id);


--
-- Name: detalle_nomina_codigo_id_0ea61e8a_like; Type: INDEX; Schema: public; Owner: postgres
--

CREATE INDEX detalle_nomina_codigo_id_0ea61e8a_like ON public.detalle_nomina USING btree (codigo_id varchar_pattern_ops);


--
-- Name: detalle_nomina_nomina_id_59d19f40; Type: INDEX; Schema: public; Owner: postgres
--

CREATE INDEX detalle_nomina_nomina_id_59d19f40 ON public.detalle_nomina USING btree (nomina_id);


--
-- Name: detalle_prenomina_codigo_id_16d99170; Type: INDEX; Schema: public; Owner: postgres
--

CREATE INDEX detalle_prenomina_codigo_id_16d99170 ON public.detalle_prenomina USING btree (codigo_id);


--
-- Name: detalle_prenomina_codigo_id_16d99170_like; Type: INDEX; Schema: public; Owner: postgres
--

CREATE INDEX detalle_prenomina_codigo_id_16d99170_like ON public.detalle_prenomina USING btree (codigo_id varchar_pattern_ops);


--
-- Name: detalle_prenomina_prenomina_id_5f824525; Type: INDEX; Schema: public; Owner: postgres
--

CREATE INDEX detalle_prenomina_prenomina_id_5f824525 ON public.detalle_prenomina USING btree (prenomina_id);


--
-- Name: detalle_recibo_detalle_nomina_id_3f84b2b0; Type: INDEX; Schema: public; Owner: postgres
--

CREATE INDEX detalle_recibo_detalle_nomina_id_3f84b2b0 ON public.detalle_recibo USING btree (detalle_nomina_id);


--
-- Name: detalle_recibo_recibo_id_0c44d9d8; Type: INDEX; Schema: public; Owner: postgres
--

CREATE INDEX detalle_recibo_recibo_id_0c44d9d8 ON public.detalle_recibo USING btree (recibo_id);


--
-- Name: django_admin_log_content_type_id_c4bce8eb; Type: INDEX; Schema: public; Owner: postgres
--

CREATE INDEX django_admin_log_content_type_id_c4bce8eb ON public.django_admin_log USING btree (content_type_id);


--
-- Name: django_admin_log_user_id_c564eba6; Type: INDEX; Schema: public; Owner: postgres
--

CREATE INDEX django_admin_log_user_id_c564eba6 ON public.django_admin_log USING btree (user_id);


--
-- Name: django_session_expire_date_a5c62663; Type: INDEX; Schema: public; Owner: postgres
--

CREATE INDEX django_session_expire_date_a5c62663 ON public.django_session USING btree (expire_date);


--
-- Name: django_session_session_key_c0390e0f_like; Type: INDEX; Schema: public; Owner: postgres
--

CREATE INDEX django_session_session_key_c0390e0f_like ON public.django_session USING btree (session_key varchar_pattern_ops);


--
-- Name: empleados_cargo_id_6acae2e8; Type: INDEX; Schema: public; Owner: postgres
--

CREATE INDEX empleados_cargo_id_6acae2e8 ON public.empleados USING btree (cargo_id);


--
-- Name: empleados_email_4c970abf_like; Type: INDEX; Schema: public; Owner: postgres
--

CREATE INDEX empleados_email_4c970abf_like ON public.empleados USING btree (email varchar_pattern_ops);


--
-- Name: empleados_nivel_salarial_id_e05908ab; Type: INDEX; Schema: public; Owner: postgres
--

CREATE INDEX empleados_nivel_salarial_id_e05908ab ON public.empleados USING btree (nivel_salarial_id);


--
-- Name: empleados_rif_572bd998_like; Type: INDEX; Schema: public; Owner: postgres
--

CREATE INDEX empleados_rif_572bd998_like ON public.empleados USING btree (rif varchar_pattern_ops);


--
-- Name: empleados_tipo_trabajador_id_5b0af2d7; Type: INDEX; Schema: public; Owner: postgres
--

CREATE INDEX empleados_tipo_trabajador_id_5b0af2d7 ON public.empleados USING btree (tipo_trabajador_id);


--
-- Name: familias_cargo_tipo_trabajador_id_78c01eda; Type: INDEX; Schema: public; Owner: postgres
--

CREATE INDEX familias_cargo_tipo_trabajador_id_78c01eda ON public.familias_cargo USING btree (tipo_trabajador_id);


--
-- Name: justificaciones_aprobado_por_id_f7facdbc; Type: INDEX; Schema: public; Owner: postgres
--

CREATE INDEX justificaciones_aprobado_por_id_f7facdbc ON public.justificaciones USING btree (aprobado_por_id);


--
-- Name: justificaciones_asistencia_id_1fa4c446; Type: INDEX; Schema: public; Owner: postgres
--

CREATE INDEX justificaciones_asistencia_id_1fa4c446 ON public.justificaciones USING btree (asistencias_id);


--
-- Name: login_asistencias_empleado_id_1fde5c4c; Type: INDEX; Schema: public; Owner: postgres
--

CREATE INDEX login_asistencias_empleado_id_1fde5c4c ON public.asistencias USING btree (empleado_id);


--
-- Name: login_asistencias_registrado_por_id_9ace24df; Type: INDEX; Schema: public; Owner: postgres
--

CREATE INDEX login_asistencias_registrado_por_id_9ace24df ON public.asistencias USING btree (registrado_por_id);


--
-- Name: login_concepto_pago_codigo_79ecb3e7_like; Type: INDEX; Schema: public; Owner: postgres
--

CREATE INDEX login_concepto_pago_codigo_79ecb3e7_like ON public.concepto_pago USING btree (codigo varchar_pattern_ops);


--
-- Name: login_concepto_pago_tipo_pago_id_4ce948fb; Type: INDEX; Schema: public; Owner: postgres
--

CREATE INDEX login_concepto_pago_tipo_pago_id_4ce948fb ON public.concepto_pago USING btree (tipo_pago_id);


--
-- Name: login_concepto_tipotrabajador_tipo_trabajador_id_d7fbb6bf; Type: INDEX; Schema: public; Owner: postgres
--

CREATE INDEX login_concepto_tipotrabajador_tipo_trabajador_id_d7fbb6bf ON public.concepto_tipotrabajador USING btree (tipo_trabajador_id);


--
-- Name: login_control_vacaciones_empleado_id_e113140b; Type: INDEX; Schema: public; Owner: postgres
--

CREATE INDEX login_control_vacaciones_empleado_id_e113140b ON public.control_vacaciones USING btree (empleado_id);


--
-- Name: login_hijo_cedula_bf45329a_like; Type: INDEX; Schema: public; Owner: postgres
--

CREATE INDEX login_hijo_cedula_bf45329a_like ON public.hijos USING btree (cedula varchar_pattern_ops);


--
-- Name: login_hijo_empleado_id_aeb358ea; Type: INDEX; Schema: public; Owner: postgres
--

CREATE INDEX login_hijo_empleado_id_aeb358ea ON public.hijos USING btree (empleado_id);


--
-- Name: login_mes_aplicacionconcepto_id_conceptopago_id_cdde0796; Type: INDEX; Schema: public; Owner: postgres
--

CREATE INDEX login_mes_aplicacionconcepto_id_conceptopago_id_cdde0796 ON public.mes_aplicacionconcepto USING btree (codigo_id);


--
-- Name: login_mes_aplicacionconcepto_meses_id_259aee6d; Type: INDEX; Schema: public; Owner: postgres
--

CREATE INDEX login_mes_aplicacionconcepto_meses_id_259aee6d ON public.mes_aplicacionconcepto USING btree (meses_id);


--
-- Name: login_permiso_asistencias_empleado_id_c8f4df07; Type: INDEX; Schema: public; Owner: postgres
--

CREATE INDEX login_permiso_asistencias_empleado_id_c8f4df07 ON public.permiso_asistencias USING btree (empleado_id);


--
-- Name: login_registro_vacaciones_control_id_d6fc4e20; Type: INDEX; Schema: public; Owner: postgres
--

CREATE INDEX login_registro_vacaciones_control_id_d6fc4e20 ON public.registros_vacaciones USING btree (control_id);


--
-- Name: mes_del_anio_nombre_mes_1699f09f_like; Type: INDEX; Schema: public; Owner: postgres
--

CREATE INDEX mes_del_anio_nombre_mes_1699f09f_like ON public.meses USING btree (nombre_mes varchar_pattern_ops);


--
-- Name: niveles_salariales_tipo_trabajador_id_87cc10f3; Type: INDEX; Schema: public; Owner: postgres
--

CREATE INDEX niveles_salariales_tipo_trabajador_id_87cc10f3 ON public.niveles_salariales USING btree (tipo_trabajador_id);


--
-- Name: nomina_secuencia_id_82d211dd; Type: INDEX; Schema: public; Owner: postgres
--

CREATE INDEX nomina_secuencia_id_82d211dd ON public.nomina USING btree (secuencia_id);


--
-- Name: nomina_tipo_nomina_id_b338e904; Type: INDEX; Schema: public; Owner: postgres
--

CREATE INDEX nomina_tipo_nomina_id_b338e904 ON public.nomina USING btree (tipo_nomina_id);


--
-- Name: permisos_codigo_e85246ff_like; Type: INDEX; Schema: public; Owner: postgres
--

CREATE INDEX permisos_codigo_e85246ff_like ON public.permisos USING btree (codigo varchar_pattern_ops);


--
-- Name: preguntas_seguridad_pregunta_f2fc5146_like; Type: INDEX; Schema: public; Owner: postgres
--

CREATE INDEX preguntas_seguridad_pregunta_f2fc5146_like ON public.preguntas_seguridad USING btree (pregunta text_pattern_ops);


--
-- Name: recibo_pago_cedula_id_fec94537; Type: INDEX; Schema: public; Owner: postgres
--

CREATE INDEX recibo_pago_cedula_id_fec94537 ON public.recibo_pago USING btree (cedula_id);


--
-- Name: recibo_pago_nomina_id_08297655; Type: INDEX; Schema: public; Owner: postgres
--

CREATE INDEX recibo_pago_nomina_id_08297655 ON public.recibo_pago USING btree (nomina_id);


--
-- Name: rol_nombre_rol_77fbfff8_like; Type: INDEX; Schema: public; Owner: postgres
--

CREATE INDEX rol_nombre_rol_77fbfff8_like ON public.rol USING btree (nombre_rol varchar_pattern_ops);


--
-- Name: rol_permisos_permiso_id_7c5dddc4; Type: INDEX; Schema: public; Owner: postgres
--

CREATE INDEX rol_permisos_permiso_id_7c5dddc4 ON public.rol_permisos USING btree (permiso_id);


--
-- Name: rol_permisos_permiso_id_7c5dddc4_like; Type: INDEX; Schema: public; Owner: postgres
--

CREATE INDEX rol_permisos_permiso_id_7c5dddc4_like ON public.rol_permisos USING btree (permiso_id varchar_pattern_ops);


--
-- Name: rol_permisos_rol_id_0648740b; Type: INDEX; Schema: public; Owner: postgres
--

CREATE INDEX rol_permisos_rol_id_0648740b ON public.rol_permisos USING btree (rol_id);


--
-- Name: secuencia_nombre_secuencia_b6bb009f_like; Type: INDEX; Schema: public; Owner: postgres
--

CREATE INDEX secuencia_nombre_secuencia_b6bb009f_like ON public.secuencia USING btree (nombre_secuencia varchar_pattern_ops);


--
-- Name: tipo_nomina_tipo_nomina_08a7df9b_like; Type: INDEX; Schema: public; Owner: postgres
--

CREATE INDEX tipo_nomina_tipo_nomina_08a7df9b_like ON public.tipo_nomina USING btree (tipo_nomina varchar_pattern_ops);


--
-- Name: usuario_preguntas_pregunta_id_47782add; Type: INDEX; Schema: public; Owner: postgres
--

CREATE INDEX usuario_preguntas_pregunta_id_47782add ON public.usuario_preguntas USING btree (pregunta_id);


--
-- Name: usuario_preguntas_usuario_cedula_63c3e180; Type: INDEX; Schema: public; Owner: postgres
--

CREATE INDEX usuario_preguntas_usuario_cedula_63c3e180 ON public.usuario_preguntas USING btree (id_usuario);


--
-- Name: usuarios_email_ef44a1d6_like; Type: INDEX; Schema: public; Owner: postgres
--

CREATE INDEX usuarios_email_ef44a1d6_like ON public.usuarios USING btree (email varchar_pattern_ops);


--
-- Name: usuarios_empleado_cedula_453c1c2f; Type: INDEX; Schema: public; Owner: postgres
--

CREATE INDEX usuarios_empleado_cedula_453c1c2f ON public.usuarios USING btree (empleado_cedula);


--
-- Name: usuarios_rol_id_fa223853; Type: INDEX; Schema: public; Owner: postgres
--

CREATE INDEX usuarios_rol_id_fa223853 ON public.usuarios USING btree (rol_id);


--
-- Name: arc arc_empleado_id_151ef363_fk_empleados_cedula; Type: FK CONSTRAINT; Schema: public; Owner: postgres
--

ALTER TABLE ONLY public.arc
    ADD CONSTRAINT arc_empleado_id_151ef363_fk_empleados_cedula FOREIGN KEY (empleado_id) REFERENCES public.empleados(cedula) DEFERRABLE INITIALLY DEFERRED;


--
-- Name: auth_group_permissions auth_group_permissio_permission_id_84c5c92e_fk_auth_perm; Type: FK CONSTRAINT; Schema: public; Owner: postgres
--

ALTER TABLE ONLY public.auth_group_permissions
    ADD CONSTRAINT auth_group_permissio_permission_id_84c5c92e_fk_auth_perm FOREIGN KEY (permission_id) REFERENCES public.auth_permission(id) DEFERRABLE INITIALLY DEFERRED;


--
-- Name: auth_group_permissions auth_group_permissions_group_id_b120cbf9_fk_auth_group_id; Type: FK CONSTRAINT; Schema: public; Owner: postgres
--

ALTER TABLE ONLY public.auth_group_permissions
    ADD CONSTRAINT auth_group_permissions_group_id_b120cbf9_fk_auth_group_id FOREIGN KEY (group_id) REFERENCES public.auth_group(id) DEFERRABLE INITIALLY DEFERRED;


--
-- Name: auth_permission auth_permission_content_type_id_2f476e4b_fk_django_co; Type: FK CONSTRAINT; Schema: public; Owner: postgres
--

ALTER TABLE ONLY public.auth_permission
    ADD CONSTRAINT auth_permission_content_type_id_2f476e4b_fk_django_co FOREIGN KEY (content_type_id) REFERENCES public.django_content_type(id) DEFERRABLE INITIALLY DEFERRED;


--
-- Name: auth_user_groups auth_user_groups_group_id_97559544_fk_auth_group_id; Type: FK CONSTRAINT; Schema: public; Owner: postgres
--

ALTER TABLE ONLY public.auth_user_groups
    ADD CONSTRAINT auth_user_groups_group_id_97559544_fk_auth_group_id FOREIGN KEY (group_id) REFERENCES public.auth_group(id) DEFERRABLE INITIALLY DEFERRED;


--
-- Name: auth_user_groups auth_user_groups_user_id_6a12ed8b_fk_auth_user_id; Type: FK CONSTRAINT; Schema: public; Owner: postgres
--

ALTER TABLE ONLY public.auth_user_groups
    ADD CONSTRAINT auth_user_groups_user_id_6a12ed8b_fk_auth_user_id FOREIGN KEY (user_id) REFERENCES public.auth_user(id) DEFERRABLE INITIALLY DEFERRED;


--
-- Name: auth_user_user_permissions auth_user_user_permi_permission_id_1fbb5f2c_fk_auth_perm; Type: FK CONSTRAINT; Schema: public; Owner: postgres
--

ALTER TABLE ONLY public.auth_user_user_permissions
    ADD CONSTRAINT auth_user_user_permi_permission_id_1fbb5f2c_fk_auth_perm FOREIGN KEY (permission_id) REFERENCES public.auth_permission(id) DEFERRABLE INITIALLY DEFERRED;


--
-- Name: auth_user_user_permissions auth_user_user_permissions_user_id_a95ead1b_fk_auth_user_id; Type: FK CONSTRAINT; Schema: public; Owner: postgres
--

ALTER TABLE ONLY public.auth_user_user_permissions
    ADD CONSTRAINT auth_user_user_permissions_user_id_a95ead1b_fk_auth_user_id FOREIGN KEY (user_id) REFERENCES public.auth_user(id) DEFERRABLE INITIALLY DEFERRED;


--
-- Name: cargos cargos_familia_id_766d8224_fk; Type: FK CONSTRAINT; Schema: public; Owner: postgres
--

ALTER TABLE ONLY public.cargos
    ADD CONSTRAINT cargos_familia_id_766d8224_fk FOREIGN KEY (familia_id) REFERENCES public.familias_cargo(codigo_familiacargo) DEFERRABLE INITIALLY DEFERRED;


--
-- Name: cargos cargos_nivel_id_f04ddd68_fk; Type: FK CONSTRAINT; Schema: public; Owner: postgres
--

ALTER TABLE ONLY public.cargos
    ADD CONSTRAINT cargos_nivel_id_f04ddd68_fk FOREIGN KEY (nivel_id) REFERENCES public.niveles_cargo(nivel) ON UPDATE CASCADE;


--
-- Name: concepto_tipotrabajador concepto_tipotrabajador_codigo_c963c26f_fk_concepto_pago_codigo; Type: FK CONSTRAINT; Schema: public; Owner: postgres
--

ALTER TABLE ONLY public.concepto_tipotrabajador
    ADD CONSTRAINT concepto_tipotrabajador_codigo_c963c26f_fk_concepto_pago_codigo FOREIGN KEY (codigo) REFERENCES public.concepto_pago(codigo) DEFERRABLE INITIALLY DEFERRED;


--
-- Name: control_vacaciones control_vacaciones_empleado_id_09dc430c_fk_empleados_cedula; Type: FK CONSTRAINT; Schema: public; Owner: postgres
--

ALTER TABLE ONLY public.control_vacaciones
    ADD CONSTRAINT control_vacaciones_empleado_id_09dc430c_fk_empleados_cedula FOREIGN KEY (empleado_id) REFERENCES public.empleados(cedula) DEFERRABLE INITIALLY DEFERRED;


--
-- Name: cuentas_bancarias cuentas_bancarias_banco_id_91fb3225_fk_bancos_codigo; Type: FK CONSTRAINT; Schema: public; Owner: postgres
--

ALTER TABLE ONLY public.cuentas_bancarias
    ADD CONSTRAINT cuentas_bancarias_banco_id_91fb3225_fk_bancos_codigo FOREIGN KEY (banco_id) REFERENCES public.bancos(codigo) DEFERRABLE INITIALLY DEFERRED;


--
-- Name: cuentas_bancarias cuentas_bancarias_empleado_id_de6bd017_fk; Type: FK CONSTRAINT; Schema: public; Owner: postgres
--

ALTER TABLE ONLY public.cuentas_bancarias
    ADD CONSTRAINT cuentas_bancarias_empleado_id_de6bd017_fk FOREIGN KEY (empleado_id) REFERENCES public.empleados(cedula) DEFERRABLE INITIALLY DEFERRED;


--
-- Name: detalle_arc detalle_arc_arc_id_27dcb31a_fk_arc_id_arc; Type: FK CONSTRAINT; Schema: public; Owner: postgres
--

ALTER TABLE ONLY public.detalle_arc
    ADD CONSTRAINT detalle_arc_arc_id_27dcb31a_fk_arc_id_arc FOREIGN KEY (arc_id) REFERENCES public.arc(id_arc) DEFERRABLE INITIALLY DEFERRED;


--
-- Name: detalle_nomina detalle_nomina_cedula_id_f129bb9d_fk; Type: FK CONSTRAINT; Schema: public; Owner: postgres
--

ALTER TABLE ONLY public.detalle_nomina
    ADD CONSTRAINT detalle_nomina_cedula_id_f129bb9d_fk FOREIGN KEY (cedula_id) REFERENCES public.empleados(cedula) DEFERRABLE INITIALLY DEFERRED;


--
-- Name: detalle_nomina detalle_nomina_codigo_id_0ea61e8a_fk_concepto_pago_codigo; Type: FK CONSTRAINT; Schema: public; Owner: postgres
--

ALTER TABLE ONLY public.detalle_nomina
    ADD CONSTRAINT detalle_nomina_codigo_id_0ea61e8a_fk_concepto_pago_codigo FOREIGN KEY (codigo_id) REFERENCES public.concepto_pago(codigo) DEFERRABLE INITIALLY DEFERRED;


--
-- Name: detalle_nomina detalle_nomina_nomina_id_59d19f40_fk_nomina_id_nomina; Type: FK CONSTRAINT; Schema: public; Owner: postgres
--

ALTER TABLE ONLY public.detalle_nomina
    ADD CONSTRAINT detalle_nomina_nomina_id_59d19f40_fk_nomina_id_nomina FOREIGN KEY (nomina_id) REFERENCES public.nomina(id_nomina) DEFERRABLE INITIALLY DEFERRED;


--
-- Name: detalle_prenomina detalle_prenomina_codigo_id_16d99170_fk_concepto_pago_codigo; Type: FK CONSTRAINT; Schema: public; Owner: postgres
--

ALTER TABLE ONLY public.detalle_prenomina
    ADD CONSTRAINT detalle_prenomina_codigo_id_16d99170_fk_concepto_pago_codigo FOREIGN KEY (codigo_id) REFERENCES public.concepto_pago(codigo) DEFERRABLE INITIALLY DEFERRED;


--
-- Name: detalle_prenomina detalle_prenomina_prenomina_id_5f824525_fk_prenomina; Type: FK CONSTRAINT; Schema: public; Owner: postgres
--

ALTER TABLE ONLY public.detalle_prenomina
    ADD CONSTRAINT detalle_prenomina_prenomina_id_5f824525_fk_prenomina FOREIGN KEY (prenomina_id) REFERENCES public.prenomina(id_prenomina) DEFERRABLE INITIALLY DEFERRED;


--
-- Name: detalle_recibo detalle_recibo_detalle_nomina_id_3f84b2b0_fk_detalle_nomina_id; Type: FK CONSTRAINT; Schema: public; Owner: postgres
--

ALTER TABLE ONLY public.detalle_recibo
    ADD CONSTRAINT detalle_recibo_detalle_nomina_id_3f84b2b0_fk_detalle_nomina_id FOREIGN KEY (detalle_nomina_id) REFERENCES public.detalle_nomina(id) DEFERRABLE INITIALLY DEFERRED;


--
-- Name: detalle_recibo detalle_recibo_recibo_id_0c44d9d8_fk_recibo_pago_id; Type: FK CONSTRAINT; Schema: public; Owner: postgres
--

ALTER TABLE ONLY public.detalle_recibo
    ADD CONSTRAINT detalle_recibo_recibo_id_0c44d9d8_fk_recibo_pago_id FOREIGN KEY (recibo_id) REFERENCES public.recibo_pago(id) DEFERRABLE INITIALLY DEFERRED;


--
-- Name: django_admin_log django_admin_log_content_type_id_c4bce8eb_fk_django_co; Type: FK CONSTRAINT; Schema: public; Owner: postgres
--

ALTER TABLE ONLY public.django_admin_log
    ADD CONSTRAINT django_admin_log_content_type_id_c4bce8eb_fk_django_co FOREIGN KEY (content_type_id) REFERENCES public.django_content_type(id) DEFERRABLE INITIALLY DEFERRED;


--
-- Name: django_admin_log django_admin_log_user_id_c564eba6_fk_auth_user_id; Type: FK CONSTRAINT; Schema: public; Owner: postgres
--

ALTER TABLE ONLY public.django_admin_log
    ADD CONSTRAINT django_admin_log_user_id_c564eba6_fk_auth_user_id FOREIGN KEY (user_id) REFERENCES public.auth_user(id) DEFERRABLE INITIALLY DEFERRED;


--
-- Name: empleados empleados_cargo_id_6acae2e8_fk_cargos_id; Type: FK CONSTRAINT; Schema: public; Owner: postgres
--

ALTER TABLE ONLY public.empleados
    ADD CONSTRAINT empleados_cargo_id_6acae2e8_fk_cargos_id FOREIGN KEY (cargo_id) REFERENCES public.cargos(id) DEFERRABLE INITIALLY DEFERRED;


--
-- Name: empleados empleados_nivel_salarial_id_e05908ab_fk_niveles_salariales_id; Type: FK CONSTRAINT; Schema: public; Owner: postgres
--

ALTER TABLE ONLY public.empleados
    ADD CONSTRAINT empleados_nivel_salarial_id_e05908ab_fk_niveles_salariales_id FOREIGN KEY (nivel_salarial_id) REFERENCES public.niveles_salariales(id) DEFERRABLE INITIALLY DEFERRED;


--
-- Name: empleados empleados_tipo_trabajador_id_5b0af2d7_fk_tipo_trab; Type: FK CONSTRAINT; Schema: public; Owner: postgres
--

ALTER TABLE ONLY public.empleados
    ADD CONSTRAINT empleados_tipo_trabajador_id_5b0af2d7_fk_tipo_trab FOREIGN KEY (tipo_trabajador_id) REFERENCES public.tipo_trabajador(codigo_trabajador) DEFERRABLE INITIALLY DEFERRED;


--
-- Name: familias_cargo familias_cargo_tipo_trabajador_id_78c01eda_fk_tipo_trab; Type: FK CONSTRAINT; Schema: public; Owner: postgres
--

ALTER TABLE ONLY public.familias_cargo
    ADD CONSTRAINT familias_cargo_tipo_trabajador_id_78c01eda_fk_tipo_trab FOREIGN KEY (tipo_trabajador_id) REFERENCES public.tipo_trabajador(codigo_trabajador) DEFERRABLE INITIALLY DEFERRED;


--
-- Name: justificaciones justificaciones_aprobado_por_id_f7facdbc_fk_empleados_cedula; Type: FK CONSTRAINT; Schema: public; Owner: postgres
--

ALTER TABLE ONLY public.justificaciones
    ADD CONSTRAINT justificaciones_aprobado_por_id_f7facdbc_fk_empleados_cedula FOREIGN KEY (aprobado_por_id) REFERENCES public.empleados(cedula) DEFERRABLE INITIALLY DEFERRED;


--
-- Name: justificaciones justificaciones_asistencias_id_8f5f61be_fk_login_asistencias_id; Type: FK CONSTRAINT; Schema: public; Owner: postgres
--

ALTER TABLE ONLY public.justificaciones
    ADD CONSTRAINT justificaciones_asistencias_id_8f5f61be_fk_login_asistencias_id FOREIGN KEY (asistencias_id) REFERENCES public.asistencias(id) DEFERRABLE INITIALLY DEFERRED;


--
-- Name: asistencias login_asistencias_empleado_id_1fde5c4c_fk_empleados_cedula; Type: FK CONSTRAINT; Schema: public; Owner: postgres
--

ALTER TABLE ONLY public.asistencias
    ADD CONSTRAINT login_asistencias_empleado_id_1fde5c4c_fk_empleados_cedula FOREIGN KEY (empleado_id) REFERENCES public.empleados(cedula) DEFERRABLE INITIALLY DEFERRED;


--
-- Name: asistencias login_asistencias_registrado_por_id_9ace24df_fk_login_asi; Type: FK CONSTRAINT; Schema: public; Owner: postgres
--

ALTER TABLE ONLY public.asistencias
    ADD CONSTRAINT login_asistencias_registrado_por_id_9ace24df_fk_login_asi FOREIGN KEY (registrado_por_id) REFERENCES public.asistencias(id) DEFERRABLE INITIALLY DEFERRED;


--
-- Name: concepto_pago login_concepto_pago_tipo_pago_id_4ce948fb_fk_login_tip; Type: FK CONSTRAINT; Schema: public; Owner: postgres
--

ALTER TABLE ONLY public.concepto_pago
    ADD CONSTRAINT login_concepto_pago_tipo_pago_id_4ce948fb_fk_login_tip FOREIGN KEY (tipo_pago_id) REFERENCES public.tipo_pago(codigo_tipopago) DEFERRABLE INITIALLY DEFERRED;


--
-- Name: concepto_tipotrabajador login_concepto_tipot_tipo_trabajador_id_d7fbb6bf_fk_login_tip; Type: FK CONSTRAINT; Schema: public; Owner: postgres
--

ALTER TABLE ONLY public.concepto_tipotrabajador
    ADD CONSTRAINT login_concepto_tipot_tipo_trabajador_id_d7fbb6bf_fk_login_tip FOREIGN KEY (tipo_trabajador_id) REFERENCES public.tipo_trabajador(codigo_trabajador) DEFERRABLE INITIALLY DEFERRED;


--
-- Name: hijos login_hijo_empleado_id_aeb358ea_fk_empleados_cedula; Type: FK CONSTRAINT; Schema: public; Owner: postgres
--

ALTER TABLE ONLY public.hijos
    ADD CONSTRAINT login_hijo_empleado_id_aeb358ea_fk_empleados_cedula FOREIGN KEY (empleado_id) REFERENCES public.empleados(cedula) DEFERRABLE INITIALLY DEFERRED;


--
-- Name: mes_aplicacionconcepto login_mes_aplicacionconcepto_meses_id_259aee6d_fk_meses_id_mes; Type: FK CONSTRAINT; Schema: public; Owner: postgres
--

ALTER TABLE ONLY public.mes_aplicacionconcepto
    ADD CONSTRAINT login_mes_aplicacionconcepto_meses_id_259aee6d_fk_meses_id_mes FOREIGN KEY (meses_id) REFERENCES public.meses(id_mes) DEFERRABLE INITIALLY DEFERRED;


--
-- Name: permiso_asistencias login_permiso_asiste_empleado_id_c8f4df07_fk_empleados; Type: FK CONSTRAINT; Schema: public; Owner: postgres
--

ALTER TABLE ONLY public.permiso_asistencias
    ADD CONSTRAINT login_permiso_asiste_empleado_id_c8f4df07_fk_empleados FOREIGN KEY (empleado_id) REFERENCES public.empleados(cedula) DEFERRABLE INITIALLY DEFERRED;


--
-- Name: registros_vacaciones login_registro_vacac_control_id_d6fc4e20_fk_login_con; Type: FK CONSTRAINT; Schema: public; Owner: postgres
--

ALTER TABLE ONLY public.registros_vacaciones
    ADD CONSTRAINT login_registro_vacac_control_id_d6fc4e20_fk_login_con FOREIGN KEY (control_id) REFERENCES public.control_vacaciones(id) DEFERRABLE INITIALLY DEFERRED;


--
-- Name: niveles_salariales niveles_salariales_tipo_trabajador_id_87cc10f3_fk_tipo_trab; Type: FK CONSTRAINT; Schema: public; Owner: postgres
--

ALTER TABLE ONLY public.niveles_salariales
    ADD CONSTRAINT niveles_salariales_tipo_trabajador_id_87cc10f3_fk_tipo_trab FOREIGN KEY (tipo_trabajador_id) REFERENCES public.tipo_trabajador(codigo_trabajador) DEFERRABLE INITIALLY DEFERRED;


--
-- Name: nomina nomina_secuencia_id_82d211dd_fk_secuencia_id_secuencia; Type: FK CONSTRAINT; Schema: public; Owner: postgres
--

ALTER TABLE ONLY public.nomina
    ADD CONSTRAINT nomina_secuencia_id_82d211dd_fk_secuencia_id_secuencia FOREIGN KEY (secuencia_id) REFERENCES public.secuencia(id_secuencia) DEFERRABLE INITIALLY DEFERRED;


--
-- Name: nomina nomina_tipo_nomina_id_b338e904_fk_tipo_nomina_codigo_tiponomina; Type: FK CONSTRAINT; Schema: public; Owner: postgres
--

ALTER TABLE ONLY public.nomina
    ADD CONSTRAINT nomina_tipo_nomina_id_b338e904_fk_tipo_nomina_codigo_tiponomina FOREIGN KEY (tipo_nomina_id) REFERENCES public.tipo_nomina(codigo_tiponomina) DEFERRABLE INITIALLY DEFERRED;


--
-- Name: prenomina prenomina_nomina_id_ae7711ed_fk_nomina_id_nomina; Type: FK CONSTRAINT; Schema: public; Owner: postgres
--

ALTER TABLE ONLY public.prenomina
    ADD CONSTRAINT prenomina_nomina_id_ae7711ed_fk_nomina_id_nomina FOREIGN KEY (nomina_id) REFERENCES public.nomina(id_nomina) DEFERRABLE INITIALLY DEFERRED;


--
-- Name: recibo_pago recibo_pago_cedula_id_fec94537_fk; Type: FK CONSTRAINT; Schema: public; Owner: postgres
--

ALTER TABLE ONLY public.recibo_pago
    ADD CONSTRAINT recibo_pago_cedula_id_fec94537_fk FOREIGN KEY (cedula_id) REFERENCES public.empleados(cedula) DEFERRABLE INITIALLY DEFERRED;


--
-- Name: recibo_pago recibo_pago_nomina_id_08297655_fk_nomina_id_nomina; Type: FK CONSTRAINT; Schema: public; Owner: postgres
--

ALTER TABLE ONLY public.recibo_pago
    ADD CONSTRAINT recibo_pago_nomina_id_08297655_fk_nomina_id_nomina FOREIGN KEY (nomina_id) REFERENCES public.nomina(id_nomina) DEFERRABLE INITIALLY DEFERRED;


--
-- Name: rol_permisos rol_permisos_permiso_id_7c5dddc4_fk_permisos_codigo; Type: FK CONSTRAINT; Schema: public; Owner: postgres
--

ALTER TABLE ONLY public.rol_permisos
    ADD CONSTRAINT rol_permisos_permiso_id_7c5dddc4_fk_permisos_codigo FOREIGN KEY (permiso_id) REFERENCES public.permisos(codigo) DEFERRABLE INITIALLY DEFERRED;


--
-- Name: rol_permisos rol_permisos_rol_id_0648740b_fk_rol_codigo_rol; Type: FK CONSTRAINT; Schema: public; Owner: postgres
--

ALTER TABLE ONLY public.rol_permisos
    ADD CONSTRAINT rol_permisos_rol_id_0648740b_fk_rol_codigo_rol FOREIGN KEY (rol_id) REFERENCES public.rol(codigo_rol) DEFERRABLE INITIALLY DEFERRED;


--
-- Name: usuario_preguntas usuario_preguntas_id_usuario_a6c0457b_fk_usuarios_id; Type: FK CONSTRAINT; Schema: public; Owner: postgres
--

ALTER TABLE ONLY public.usuario_preguntas
    ADD CONSTRAINT usuario_preguntas_id_usuario_a6c0457b_fk_usuarios_id FOREIGN KEY (id_usuario) REFERENCES public.usuarios(id) DEFERRABLE INITIALLY DEFERRED;


--
-- Name: usuario_preguntas usuario_preguntas_pregunta_id_47782add_fk_preguntas; Type: FK CONSTRAINT; Schema: public; Owner: postgres
--

ALTER TABLE ONLY public.usuario_preguntas
    ADD CONSTRAINT usuario_preguntas_pregunta_id_47782add_fk_preguntas FOREIGN KEY (pregunta_id) REFERENCES public.preguntas_seguridad(id) DEFERRABLE INITIALLY DEFERRED;


--
-- Name: usuarios usuarios_empleado_cedula_453c1c2f_fk; Type: FK CONSTRAINT; Schema: public; Owner: postgres
--

ALTER TABLE ONLY public.usuarios
    ADD CONSTRAINT usuarios_empleado_cedula_453c1c2f_fk FOREIGN KEY (empleado_cedula) REFERENCES public.empleados(cedula) DEFERRABLE INITIALLY DEFERRED;


--
-- Name: usuarios usuarios_rol_id_fa223853_fk_rol_codigo_rol; Type: FK CONSTRAINT; Schema: public; Owner: postgres
--

ALTER TABLE ONLY public.usuarios
    ADD CONSTRAINT usuarios_rol_id_fa223853_fk_rol_codigo_rol FOREIGN KEY (rol_id) REFERENCES public.rol(codigo_rol) DEFERRABLE INITIALLY DEFERRED;


--
-- PostgreSQL database dump complete
--

